Workbook

Sheet Dashboard
A1: Engineering Activity Dashboard | N1: Name (helper) | O1: Team | P1: PRs | Q1: LoC
A2: Period: May 1 – Jun 10, 2026 (6 weekly snapshots) • Source: Data tab, 34 active named engineers • Ranked by PRs merged | N2: {=_xlfn._xlws.FILTER(Data!A3:A39,Data!L3:L39<>"")} -> Anthony Anderson | O2: {=_xlfn._xlws.FILTER(Data!C3:C39,Data!L3:L39<>"")} -> Engineering Leadership | P2: {=_xlfn._xlws.FILTER(Data!AE3:AE39,Data!L3:L39<>"")} -> 3 | Q2: {=_xlfn._xlws.FILTER(Data!AG3:AG39,Data!L3:L39<>"")} -> 1529
A3: IMPORTANT THIS IS USING PRS FOR RANKING IT A WORK IN PROGESS | N3: Asa Baylus | O3: Engineering Leadership | P3: 9 | Q3: 50491
N4: Jonathan Umscheid | O4: Engineering Leadership | P4: 9 | Q4: 33593
A5: 1 · Team Summary | N5: Chris Bown | O5: Engineering Leadership | P5: 178 | Q5: 116798
A6: Team | B6: Total PRs | C6: % of PRs | D6: Total LoC | E6: % of LoC | F6: Headcount | N6: Andy Robins | O6: Labs | P6: 0 | Q6: 3418
A7: Engineering Leadership | B7: =SUMIF(Data!$C$3:$C$39,$A7,Data!$AE$3:$AE$39) -> 199 | C7: =B7/$B$12 -> 0.21329046 | D7: =SUMIF(Data!$C$3:$C$39,$A7,Data!$AG$3:$AG$39) -> 202411 | E7: =D7/$D$12 -> 0.041590734 | F7: =COUNTIFS(Data!$C$3:$C$39,$A7,Data!$L$3:$L$39,"<>") -> 4 | N7: Don Porter | O7: Labs | P7: 0 | Q7: 198208
A8: Labs | B8: =SUMIF(Data!$C$3:$C$39,$A8,Data!$AE$3:$AE$39) -> 62 | C8: =B8/$B$12 -> 0.066452304 | D8: =SUMIF(Data!$C$3:$C$39,$A8,Data!$AG$3:$AG$39) -> 1519078 | E8: =D8/$D$12 -> 0.31213506 | F8: =COUNTIFS(Data!$C$3:$C$39,$A8,Data!$L$3:$L$39,"<>") -> 5 | N8: Francisco Micucci | O8: Labs | P8: 39 | Q8: 37507
A9: Platform | B9: =SUMIF(Data!$C$3:$C$39,$A9,Data!$AE$3:$AE$39) -> 174 | C9: =B9/$B$12 -> 0.18649518 | D9: =SUMIF(Data!$C$3:$C$39,$A9,Data!$AG$3:$AG$39) -> 31145 | E9: =D9/$D$12 -> 0.0063995703 | F9: =COUNTIFS(Data!$C$3:$C$39,$A9,Data!$L$3:$L$39,"<>") -> 4 | N9: Eric Spieguel | O9: Labs | P9: 1 | Q9: 18176
A10: Core | B10: =SUMIF(Data!$C$3:$C$39,$A10,Data!$AE$3:$AE$39) -> 495 | C10: =B10/$B$12 -> 0.53054662 | D10: =SUMIF(Data!$C$3:$C$39,$A10,Data!$AG$3:$AG$39) -> 3106834 | E10: =D10/$D$12 -> 0.63838185 | F10: =COUNTIFS(Data!$C$3:$C$39,$A10,Data!$L$3:$L$39,"<>") -> 20 | N10: Juan Oliu | O10: Labs | P10: 22 | Q10: 1261769
A11: Technical Support | B11: =SUMIF(Data!$C$3:$C$39,$A11,Data!$AE$3:$AE$39) -> 3 | C11: =B11/$B$12 -> 0.0032154341 | D11: =SUMIF(Data!$C$3:$C$39,$A11,Data!$AG$3:$AG$39) -> 7265 | E11: =D11/$D$12 -> 0.0014927879 | F11: =COUNTIFS(Data!$C$3:$C$39,$A11,Data!$L$3:$L$39,"<>") -> 1 | N11: Aaron Entwistle | O11: Platform | P11: 64 | Q11: 12408
A12: Total | B12: =SUM(B7:B11) -> 933 | C12: =SUM(C7:C11) -> 1 | D12: =SUM(D7:D11) -> 4866733 | E12: =SUM(E7:E11) -> 1 | F12: =SUM(F7:F11) -> 34 | N12: Anisah Reed | O12: Platform | P12: 5 | Q12: 6005
N13: Zach Ward | O13: Platform | P13: 100 | Q13: 12621
A14: 2 · Top 10 Contributors (by PRs merged) | G14: 3 · Lowest 10 Contributors (active engineers) | N14: Kyle Snyder | O14: Platform | P14: 5 | Q14: 111
A15: # | B15: Name | C15: PRs | D15: LoC | E15: Team | G15: # | H15: Name | I15: PRs | J15: LoC | K15: Team | N15: Antonio Pola | O15: Core | P15: 13 | Q15: 7110
A16: {=_xlfn.SEQUENCE(10)} -> 1 | B16: {=_xlfn.TAKE(_xlfn.SORTBY(_xlfn.ANCHORARRAY($N$2),_xlfn.ANCHORARRAY($P$2),-1),10)} -> Chris Bown | C16: {=_xlfn.TAKE(_xlfn.SORTBY(_xlfn.ANCHORARRAY($P$2),_xlfn.ANCHORARRAY($P$2),-1),10)} -> 178 | D16: {=_xlfn.TAKE(_xlfn.SORTBY(_xlfn.ANCHORARRAY($Q$2),_xlfn.ANCHORARRAY($P$2),-1),10)} -> 116798 | E16: {=_xlfn.TAKE(_xlfn.SORTBY(_xlfn.ANCHORARRAY($O$2),_xlfn.ANCHORARRAY($P$2),-1),10)} -> Engineering Leadership | G16: {=_xlfn.SEQUENCE(10)} -> 1 | H16: {=_xlfn.TAKE(_xlfn.SORTBY(_xlfn.ANCHORARRAY($N$2),_xlfn.ANCHORARRAY($P$2),1),10)} -> Andy Robins | I16: {=_xlfn.TAKE(_xlfn.SORTBY(_xlfn.ANCHORARRAY($P$2),_xlfn.ANCHORARRAY($P$2),1),10)} -> 0 | J16: {=_xlfn.TAKE(_xlfn.SORTBY(_xlfn.ANCHORARRAY($Q$2),_xlfn.ANCHORARRAY($P$2),1),10)} -> 3418 | K16: {=_xlfn.TAKE(_xlfn.SORTBY(_xlfn.ANCHORARRAY($O$2),_xlfn.ANCHORARRAY($P$2),1),10)} -> Labs | N16: Adrian Castillo | O16: Core | P16: 30 | Q16: 93830
A17: 2 | B17: Zach Ward | C17: 100 | D17: 12621 | E17: Platform | G17: 2 | H17: Don Porter | I17: 0 | J17: 198208 | K17: Labs | N17: Matt Duffy | O17: Core | P17: 28 | Q17: 15020
A18: 3 | B18: Aaron Entwistle | C18: 64 | D18: 12408 | E18: Platform | G18: 3 | H18: Murat Ozel | I18: 0 | J18: 30 | K18: Core | N18: Hector Tinajero | O18: Core | P18: 6 | Q18: 1628
A19: 4 | B19: David Rozen | C19: 62 | D19: 45942 | E19: Core | G19: 4 | H19: Eric Spieguel | I19: 1 | J19: 18176 | K19: Labs | N19: David Rozen | O19: Core | P19: 62 | Q19: 45942
A20: 5 | B20: Tomas Gorkin | C20: 61 | D20: 128000 | E20: Core | G20: 5 | H20: Bruce Vaughn | I20: 2 | J20: 1320 | K20: Core | N20: Ryan Trimble | O20: Core | P20: 27 | Q20: 51229
A21: 6 | B21: Joe Hosman | C21: 50 | D21: 128300 | E21: Core | G21: 6 | H21: Anthony Anderson | I21: 3 | J21: 1529 | K21: Engineering Leadership | N21: Maaz Qureshi | O21: Core | P21: 24 | Q21: 24497
A22: 7 | B22: Fernando Bastos | C22: 41 | D22: 37364 | E22: Core | G22: 7 | H22: Skylar Ryals | I22: 3 | J22: 7265 | K22: Technical Support | N22: Ahmed Sohail | O22: Core | P22: 17 | Q22: 20966
A23: 8 | B23: Steve Rives | C23: 40 | D23: 25480 | E23: Core | G23: 8 | H23: Chris Cavazos | I23: 4 | J23: 547 | K23: Core | N23: Joe Hosman | O23: Core | P23: 50 | Q23: 128300
A24: 9 | B24: Francisco Micucci | C24: 39 | D24: 37507 | E24: Labs | G24: 9 | H24: Anisah Reed | I24: 5 | J24: 6005 | K24: Platform | N24: Ignacio Harretche | O24: Core | P24: 17 | Q24: 5253
A25: 10 | B25: Anthony Lehenbauer | C25: 31 | D25: 2084495 | E25: Core | G25: 10 | H25: Kyle Snyder | I25: 5 | J25: 111 | K25: Platform | N25: Steve Rives | O25: Core | P25: 40 | Q25: 25480
N26: Fernando Bastos | O26: Core | P26: 41 | Q26: 37364
A27: 4 · Trends Over Time | N27: Anthony Lehenbauer | O27: Core | P27: 31 | Q27: 2084495
A28: Weekly totals across all active engineers. Note: LoC is highly volatile due to bulk/generated-code commits — read PRs as the stable signal. | N28: Lautaro Araujo | O28: Core | P28: 17 | Q28: 23982
A29: Metric | B29: May 1–8 | C29: May 8–15 | D29: May 15–22 | E29: May 22–29 | F29: May 29–Jun 5 | G29: Jun 5–10 | N29: Martin Ferreira | O29: Core | P29: 6 | Q29: 408252
A30: Total PRs | B30: =SUM(Data!M3:M39) -> 205 | C30: =SUM(Data!P3:P39) -> 180 | D30: =SUM(Data!S3:S39) -> 123 | E30: =SUM(Data!V3:V39) -> 153 | F30: =SUM(Data!Y3:Y39) -> 147 | G30: =SUM(Data!AB3:AB39) -> 125 | N30: Tomas Gorkin | O30: Core | P30: 61 | Q30: 128000
A31: Total LoC | B31: =SUM(Data!O3:O39) -> 1118510 | C31: =SUM(Data!R3:R39) -> 318252 | D31: =SUM(Data!U3:U39) -> 2327347 | E31: =SUM(Data!X3:X39) -> 493652 | F31: =SUM(Data!AA3:AA39) -> 269052 | G31: =SUM(Data!AD3:AD39) -> 339920 | N31: Bruce Vaughn | O31: Core | P31: 2 | Q31: 1320
A32: Active (PRs>0) | B32: =COUNTIF(Data!M3:M39,">0") -> 19 | C32: =COUNTIF(Data!P3:P39,">0") -> 24 | D32: =COUNTIF(Data!S3:S39,">0") -> 21 | E32: =COUNTIF(Data!V3:V39,">0") -> 24 | F32: =COUNTIF(Data!Y3:Y39,">0") -> 26 | G32: =COUNTIF(Data!AB3:AB39,">0") -> 25 | N32: Murat Ozel | O32: Core | P32: 0 | Q32: 30
N33: Glenn Holmes | O33: Core | P33: 19 | Q33: 3589
A34: Weekly PRs by team | N34: Chris Cavazos | O34: Core | P34: 4 | Q34: 547
A35: Team | B35: =B29 -> May 1–8 | C35: =C29 -> May 8–15 | D35: =D29 -> May 15–22 | E35: =E29 -> May 22–29 | F35: =F29 -> May 29–Jun 5 | G35: =G29 -> Jun 5–10 | N35: Skylar Ryals | O35: Technical Support | P35: 3 | Q35: 7265
A36: Engineering Leadership | B36: =SUMIF(Data!$C$3:$C$39,$A36,Data!M$3:M$39) -> 102 | C36: =SUMIF(Data!$C$3:$C$39,$A36,Data!P$3:P$39) -> 34 | D36: =SUMIF(Data!$C$3:$C$39,$A36,Data!S$3:S$39) -> 16 | E36: =SUMIF(Data!$C$3:$C$39,$A36,Data!V$3:V$39) -> 11 | F36: =SUMIF(Data!$C$3:$C$39,$A36,Data!Y$3:Y$39) -> 22 | G36: =SUMIF(Data!$C$3:$C$39,$A36,Data!AB$3:AB$39) -> 14
A37: Labs | B37: =SUMIF(Data!$C$3:$C$39,$A37,Data!M$3:M$39) -> 7 | C37: =SUMIF(Data!$C$3:$C$39,$A37,Data!P$3:P$39) -> 17 | D37: =SUMIF(Data!$C$3:$C$39,$A37,Data!S$3:S$39) -> 15 | E37: =SUMIF(Data!$C$3:$C$39,$A37,Data!V$3:V$39) -> 4 | F37: =SUMIF(Data!$C$3:$C$39,$A37,Data!Y$3:Y$39) -> 12 | G37: =SUMIF(Data!$C$3:$C$39,$A37,Data!AB$3:AB$39) -> 7
A38: Platform | B38: =SUMIF(Data!$C$3:$C$39,$A38,Data!M$3:M$39) -> 16 | C38: =SUMIF(Data!$C$3:$C$39,$A38,Data!P$3:P$39) -> 43 | D38: =SUMIF(Data!$C$3:$C$39,$A38,Data!S$3:S$39) -> 37 | E38: =SUMIF(Data!$C$3:$C$39,$A38,Data!V$3:V$39) -> 29 | F38: =SUMIF(Data!$C$3:$C$39,$A38,Data!Y$3:Y$39) -> 21 | G38: =SUMIF(Data!$C$3:$C$39,$A38,Data!AB$3:AB$39) -> 28
A39: Core | B39: =SUMIF(Data!$C$3:$C$39,$A39,Data!M$3:M$39) -> 80 | C39: =SUMIF(Data!$C$3:$C$39,$A39,Data!P$3:P$39) -> 85 | D39: =SUMIF(Data!$C$3:$C$39,$A39,Data!S$3:S$39) -> 55 | E39: =SUMIF(Data!$C$3:$C$39,$A39,Data!V$3:V$39) -> 109 | F39: =SUMIF(Data!$C$3:$C$39,$A39,Data!Y$3:Y$39) -> 91 | G39: =SUMIF(Data!$C$3:$C$39,$A39,Data!AB$3:AB$39) -> 75
A40: Technical Support | B40: =SUMIF(Data!$C$3:$C$39,$A40,Data!M$3:M$39) -> 0 | C40: =SUMIF(Data!$C$3:$C$39,$A40,Data!P$3:P$39) -> 1 | D40: =SUMIF(Data!$C$3:$C$39,$A40,Data!S$3:S$39) -> 0 | E40: =SUMIF(Data!$C$3:$C$39,$A40,Data!V$3:V$39) -> 0 | F40: =SUMIF(Data!$C$3:$C$39,$A40,Data!Y$3:Y$39) -> 1 | G40: =SUMIF(Data!$C$3:$C$39,$A40,Data!AB$3:AB$39) -> 1
A43: 5 · Tickets (placeholder — awaiting data)
A44: The Tickets columns in the Data tab are currently empty. These formulas auto-populate the moment ticket counts are entered — no rebuild needed.
A45: Team | B45: Total Tickets
A46: Engineering Leadership | B46: =SUMIF(Data!$C$3:$C$39,$A46,Data!$AF$3:$AF$39) -> 0
A47: Labs | B47: =SUMIF(Data!$C$3:$C$39,$A47,Data!$AF$3:$AF$39) -> 0
A48: Platform | B48: =SUMIF(Data!$C$3:$C$39,$A48,Data!$AF$3:$AF$39) -> 0
A49: Core | B49: =SUMIF(Data!$C$3:$C$39,$A49,Data!$AF$3:$AF$39) -> 0
A50: Technical Support | B50: =SUMIF(Data!$C$3:$C$39,$A50,Data!$AF$3:$AF$39) -> 0

Sheet Data (2)
A1: Full Name | B1: Title | C1: Team | D1: Workstream | E1: Manager | F1: Employment Type | G1: Company | H1: Location | I1: Discipline | J1: Role | K1: Seniority | L1: GitHub Account | M1: May 1–8 | P1: May 8–15 | S1: May 15–22 | V1: May 22–29 | Y1: May 29–Jun 5 | AB1: Jun 5–10 | AE1: Total | AH1: Notes
M2: PR | N2: Tickets | O2: LoC | P2: PR | Q2: Tickets | R2: LoC | S2: PR | T2: Tickets | U2: LoC | V2: PR | W2: Tickets | X2: LoC | Y2: PR | Z2: Tickets | AA2: LoC | AB2: PR | AC2: Tickets | AD2: LoC | AE2: PR | AF2: Tickets | AG2: LoC
A3: Anthony Anderson | B3: Interim Director of Engineering | C3: Engineering Leadership | D3: Admin | E3: Annu Singh | F3: FTE | G3: Stratus | H3: Orlando | I3: Leadership | J3: Other | K3: Director | L3: anthonyagtp | M3: =IF($L3="","",SUMIF(#REF!,$L3,#REF!)) -> #REF! | O3: =IF($L3="","",SUMIF(#REF!,$L3,#REF!)) -> #REF! | P3: =IF($L3="","",SUMIF(#REF!,$L3,#REF!)) -> #REF! | R3: =IF($L3="","",SUMIF(#REF!,$L3,#REF!)) -> #REF! | S3: =IF($L3="","",SUMIF(#REF!,$L3,#REF!)) -> #REF! | U3: =IF($L3="","",SUMIF(#REF!,$L3,#REF!)) -> #REF! | V3: =IF($L3="","",SUMIF(#REF!,$L3,#REF!)) -> #REF! | X3: =IF($L3="","",SUMIF(#REF!,$L3,#REF!)) -> #REF! | Y3: =IF($L3="","",SUMIF(#REF!,$L3,#REF!)) -> #REF! | AA3: =IF($L3="","",SUMIF(#REF!,$L3,#REF!)) -> #REF! | AB3: =IF($L3="","",SUMIF(#REF!,$L3,#REF!)) -> #REF! | AD3: =IF($L3="","",SUMIF(#REF!,$L3,#REF!)) -> #REF! | AE3: =IF($L3="","",SUMIF(#REF!,$L3,#REF!)) -> #REF! | AG3: =IF($L3="","",SUMIF(#REF!,$L3,#REF!)) -> #REF!
A4: Asa Baylus | B4: VP Engineering | C4: Engineering Leadership | D4: Admin | E4: Annu Singh | F4: FTE | G4: Stratus | H4: Virginia | I4: Leadership | J4: Other | K4: Director | L4: asabaylus | M4: =IF($L4="","",SUMIF(#REF!,$L4,#REF!)) -> #REF! | O4: =IF($L4="","",SUMIF(#REF!,$L4,#REF!)) -> #REF! | P4: =IF($L4="","",SUMIF(#REF!,$L4,#REF!)) -> #REF! | R4: =IF($L4="","",SUMIF(#REF!,$L4,#REF!)) -> #REF! | S4: =IF($L4="","",SUMIF(#REF!,$L4,#REF!)) -> #REF! | U4: =IF($L4="","",SUMIF(#REF!,$L4,#REF!)) -> #REF! | V4: =IF($L4="","",SUMIF(#REF!,$L4,#REF!)) -> #REF! | X4: =IF($L4="","",SUMIF(#REF!,$L4,#REF!)) -> #REF! | Y4: =IF($L4="","",SUMIF(#REF!,$L4,#REF!)) -> #REF! | AA4: =IF($L4="","",SUMIF(#REF!,$L4,#REF!)) -> #REF! | AB4: =IF($L4="","",SUMIF(#REF!,$L4,#REF!)) -> #REF! | AD4: =IF($L4="","",SUMIF(#REF!,$L4,#REF!)) -> #REF! | AE4: =IF($L4="","",SUMIF(#REF!,$L4,#REF!)) -> #REF! | AG4: =IF($L4="","",SUMIF(#REF!,$L4,#REF!)) -> #REF!
A5: Jonathan Umscheid | B5: Chief Innovation Officer | C5: Engineering Leadership | D5: Admin | E5: Annu Singh | F5: FTE | G5: Stratus | H5: North Carolina | I5: Leadership | J5: Other | K5: Director | L5: jonathanumscheid | M5: =IF($L5="","",SUMIF(#REF!,$L5,#REF!)) -> #REF! | O5: =IF($L5="","",SUMIF(#REF!,$L5,#REF!)) -> #REF! | P5: =IF($L5="","",SUMIF(#REF!,$L5,#REF!)) -> #REF! | R5: =IF($L5="","",SUMIF(#REF!,$L5,#REF!)) -> #REF! | S5: =IF($L5="","",SUMIF(#REF!,$L5,#REF!)) -> #REF! | U5: =IF($L5="","",SUMIF(#REF!,$L5,#REF!)) -> #REF! | V5: =IF($L5="","",SUMIF(#REF!,$L5,#REF!)) -> #REF! | X5: =IF($L5="","",SUMIF(#REF!,$L5,#REF!)) -> #REF! | Y5: =IF($L5="","",SUMIF(#REF!,$L5,#REF!)) -> #REF! | AA5: =IF($L5="","",SUMIF(#REF!,$L5,#REF!)) -> #REF! | AB5: =IF($L5="","",SUMIF(#REF!,$L5,#REF!)) -> #REF! | AD5: =IF($L5="","",SUMIF(#REF!,$L5,#REF!)) -> #REF! | AE5: =IF($L5="","",SUMIF(#REF!,$L5,#REF!)) -> #REF! | AG5: =IF($L5="","",SUMIF(#REF!,$L5,#REF!)) -> #REF!
A6: Crystal Ross | B6: Director Technical Support | C6: Engineering Leadership | D6: Admin | E6: Annu Singh | F6: FTE | G6: Stratus | H6: Massachusetts | I6: Leadership | J6: Other | K6: Director | M6: =IF($L6="","",SUMIF(#REF!,$L6,#REF!)) | O6: =IF($L6="","",SUMIF(#REF!,$L6,#REF!)) | P6: =IF($L6="","",SUMIF(#REF!,$L6,#REF!)) | R6: =IF($L6="","",SUMIF(#REF!,$L6,#REF!)) | S6: =IF($L6="","",SUMIF(#REF!,$L6,#REF!)) | U6: =IF($L6="","",SUMIF(#REF!,$L6,#REF!)) | V6: =IF($L6="","",SUMIF(#REF!,$L6,#REF!)) | X6: =IF($L6="","",SUMIF(#REF!,$L6,#REF!)) | Y6: =IF($L6="","",SUMIF(#REF!,$L6,#REF!)) | AA6: =IF($L6="","",SUMIF(#REF!,$L6,#REF!)) | AB6: =IF($L6="","",SUMIF(#REF!,$L6,#REF!)) | AD6: =IF($L6="","",SUMIF(#REF!,$L6,#REF!)) | AE6: =IF($L6="","",SUMIF(#REF!,$L6,#REF!)) | AG6: =IF($L6="","",SUMIF(#REF!,$L6,#REF!))
A7: Chris Bown | B7: Senior Director, Platform Engineering | C7: Engineering Leadership | D7: Admin | E7: Annu Singh | F7: FTE | G7: Stratus | H7: Phoenix | I7: Leadership | J7: Developer | K7: Director | L7: cbown75 | M7: =IF($L7="","",SUMIF(#REF!,$L7,#REF!)) -> #REF! | O7: =IF($L7="","",SUMIF(#REF!,$L7,#REF!)) -> #REF! | P7: =IF($L7="","",SUMIF(#REF!,$L7,#REF!)) -> #REF! | R7: =IF($L7="","",SUMIF(#REF!,$L7,#REF!)) -> #REF! | S7: =IF($L7="","",SUMIF(#REF!,$L7,#REF!)) -> #REF! | U7: =IF($L7="","",SUMIF(#REF!,$L7,#REF!)) -> #REF! | V7: =IF($L7="","",SUMIF(#REF!,$L7,#REF!)) -> #REF! | X7: =IF($L7="","",SUMIF(#REF!,$L7,#REF!)) -> #REF! | Y7: =IF($L7="","",SUMIF(#REF!,$L7,#REF!)) -> #REF! | AA7: =IF($L7="","",SUMIF(#REF!,$L7,#REF!)) -> #REF! | AB7: =IF($L7="","",SUMIF(#REF!,$L7,#REF!)) -> #REF! | AD7: =IF($L7="","",SUMIF(#REF!,$L7,#REF!)) -> #REF! | AE7: =IF($L7="","",SUMIF(#REF!,$L7,#REF!)) -> #REF! | AG7: =IF($L7="","",SUMIF(#REF!,$L7,#REF!)) -> #REF!
A8: Andy Robins | B8: Full Stack Engineer | C8: Labs | D8: {=IFERROR(_xlfn.TEXTJOIN(", ",TRUE,_xlfn.UNIQUE(_xlfn._xlws.FILTER(#REF!,(#REF!="Final")*(COUNTIFS('[1]Demand Capacity'!$B:$B,$A8,'[1]Demand Capacity'!$A:$A,#REF!)>0),""))),"")} | E8: Jonathan Umscheid | F8: FTE | G8: Stratus | H8: UK | I8: Full Stack | J8: Developer | K8: Lead | L8: andyrobins-gtp | M8: =IF($L8="","",SUMIF(#REF!,$L8,#REF!)) -> #REF! | O8: =IF($L8="","",SUMIF(#REF!,$L8,#REF!)) -> #REF! | P8: =IF($L8="","",SUMIF(#REF!,$L8,#REF!)) -> #REF! | R8: =IF($L8="","",SUMIF(#REF!,$L8,#REF!)) -> #REF! | S8: =IF($L8="","",SUMIF(#REF!,$L8,#REF!)) -> #REF! | U8: =IF($L8="","",SUMIF(#REF!,$L8,#REF!)) -> #REF! | V8: =IF($L8="","",SUMIF(#REF!,$L8,#REF!)) -> #REF! | X8: =IF($L8="","",SUMIF(#REF!,$L8,#REF!)) -> #REF! | Y8: =IF($L8="","",SUMIF(#REF!,$L8,#REF!)) -> #REF! | AA8: =IF($L8="","",SUMIF(#REF!,$L8,#REF!)) -> #REF! | AB8: =IF($L8="","",SUMIF(#REF!,$L8,#REF!)) -> #REF! | AD8: =IF($L8="","",SUMIF(#REF!,$L8,#REF!)) -> #REF! | AE8: =IF($L8="","",SUMIF(#REF!,$L8,#REF!)) -> #REF! | AG8: =IF($L8="","",SUMIF(#REF!,$L8,#REF!)) -> #REF!
A9: Don Porter | B9: Full Stack Engineer | C9: Labs | D9: {=IFERROR(_xlfn.TEXTJOIN(", ",TRUE,_xlfn.UNIQUE(_xlfn._xlws.FILTER(#REF!,(#REF!="Final")*(COUNTIFS('[1]Demand Capacity'!$B:$B,$A9,'[1]Demand Capacity'!$A:$A,#REF!)>0),""))),"")} | E9: Jonathan Umscheid | F9: FTE | G9: Stratus | H9: Columbia | I9: Full Stack | J9: Developer | K9: Senior | L9: donatgtp | M9: =IF($L9="","",SUMIF(#REF!,$L9,#REF!)) -> #REF! | O9: =IF($L9="","",SUMIF(#REF!,$L9,#REF!)) -> #REF! | P9: =IF($L9="","",SUMIF(#REF!,$L9,#REF!)) -> #REF! | R9: =IF($L9="","",SUMIF(#REF!,$L9,#REF!)) -> #REF! | S9: =IF($L9="","",SUMIF(#REF!,$L9,#REF!)) -> #REF! | U9: =IF($L9="","",SUMIF(#REF!,$L9,#REF!)) -> #REF! | V9: =IF($L9="","",SUMIF(#REF!,$L9,#REF!)) -> #REF! | X9: =IF($L9="","",SUMIF(#REF!,$L9,#REF!)) -> #REF! | Y9: =IF($L9="","",SUMIF(#REF!,$L9,#REF!)) -> #REF! | AA9: =IF($L9="","",SUMIF(#REF!,$L9,#REF!)) -> #REF! | AB9: =IF($L9="","",SUMIF(#REF!,$L9,#REF!)) -> #REF! | AD9: =IF($L9="","",SUMIF(#REF!,$L9,#REF!)) -> #REF! | AE9: =IF($L9="","",SUMIF(#REF!,$L9,#REF!)) -> #REF! | AG9: =IF($L9="","",SUMIF(#REF!,$L9,#REF!)) -> #REF!
A10: Francisco Micucci | B10: Full Stack Engineer | C10: Labs | D10: {=IFERROR(_xlfn.TEXTJOIN(", ",TRUE,_xlfn.UNIQUE(_xlfn._xlws.FILTER(#REF!,(#REF!="Final")*(COUNTIFS('[1]Demand Capacity'!$B:$B,$A10,'[1]Demand Capacity'!$A:$A,#REF!)>0),""))),"")} | E10: Asa Baylus | F10: Contractor | G10: Marvik | I10: Full Stack | J10: Developer | K10: Senior | L10: famicucci | M10: =IF($L10="","",SUMIF(#REF!,$L10,#REF!)) -> #REF! | O10: =IF($L10="","",SUMIF(#REF!,$L10,#REF!)) -> #REF! | P10: =IF($L10="","",SUMIF(#REF!,$L10,#REF!)) -> #REF! | R10: =IF($L10="","",SUMIF(#REF!,$L10,#REF!)) -> #REF! | S10: =IF($L10="","",SUMIF(#REF!,$L10,#REF!)) -> #REF! | U10: =IF($L10="","",SUMIF(#REF!,$L10,#REF!)) -> #REF! | V10: =IF($L10="","",SUMIF(#REF!,$L10,#REF!)) -> #REF! | X10: =IF($L10="","",SUMIF(#REF!,$L10,#REF!)) -> #REF! | Y10: =IF($L10="","",SUMIF(#REF!,$L10,#REF!)) -> #REF! | AA10: =IF($L10="","",SUMIF(#REF!,$L10,#REF!)) -> #REF! | AB10: =IF($L10="","",SUMIF(#REF!,$L10,#REF!)) -> #REF! | AD10: =IF($L10="","",SUMIF(#REF!,$L10,#REF!)) -> #REF! | AE10: =IF($L10="","",SUMIF(#REF!,$L10,#REF!)) -> #REF! | AG10: =IF($L10="","",SUMIF(#REF!,$L10,#REF!)) -> #REF!
A11: Eric Spieguel | B11: Data Engineer | C11: Labs | D11: {=IFERROR(_xlfn.TEXTJOIN(", ",TRUE,_xlfn.UNIQUE(_xlfn._xlws.FILTER(#REF!,(#REF!="Final")*(COUNTIFS('[1]Demand Capacity'!$B:$B,$A11,'[1]Demand Capacity'!$A:$A,#REF!)>0),""))),"")} | E11: Asa Baylus | F11: Contractor | G11: Marvik | I11: DS | J11: Developer | K11: Senior | L11: ericspiguel | M11: =IF($L11="","",SUMIF(#REF!,$L11,#REF!)) -> #REF! | O11: =IF($L11="","",SUMIF(#REF!,$L11,#REF!)) -> #REF! | P11: =IF($L11="","",SUMIF(#REF!,$L11,#REF!)) -> #REF! | R11: =IF($L11="","",SUMIF(#REF!,$L11,#REF!)) -> #REF! | S11: =IF($L11="","",SUMIF(#REF!,$L11,#REF!)) -> #REF! | U11: =IF($L11="","",SUMIF(#REF!,$L11,#REF!)) -> #REF! | V11: =IF($L11="","",SUMIF(#REF!,$L11,#REF!)) -> #REF! | X11: =IF($L11="","",SUMIF(#REF!,$L11,#REF!)) -> #REF! | Y11: =IF($L11="","",SUMIF(#REF!,$L11,#REF!)) -> #REF! | AA11: =IF($L11="","",SUMIF(#REF!,$L11,#REF!)) -> #REF! | AB11: =IF($L11="","",SUMIF(#REF!,$L11,#REF!)) -> #REF! | AD11: =IF($L11="","",SUMIF(#REF!,$L11,#REF!)) -> #REF! | AE11: =IF($L11="","",SUMIF(#REF!,$L11,#REF!)) -> #REF! | AG11: =IF($L11="","",SUMIF(#REF!,$L11,#REF!)) -> #REF!
A12: Juan Oliu | B12: Architect / Lead | C12: Labs | D12: {=IFERROR(_xlfn.TEXTJOIN(", ",TRUE,_xlfn.UNIQUE(_xlfn._xlws.FILTER(#REF!,(#REF!="Final")*(COUNTIFS('[1]Demand Capacity'!$B:$B,$A12,'[1]Demand Capacity'!$A:$A,#REF!)>0),""))),"")} | E12: Asa Baylus | F12: Contractor | G12: Marvik | I12: Full Stack | J12: Developer | K12: Lead | L12: jmoliugp | M12: =IF($L12="","",SUMIF(#REF!,$L12,#REF!)) -> #REF! | O12: =IF($L12="","",SUMIF(#REF!,$L12,#REF!)) -> #REF! | P12: =IF($L12="","",SUMIF(#REF!,$L12,#REF!)) -> #REF! | R12: =IF($L12="","",SUMIF(#REF!,$L12,#REF!)) -> #REF! | S12: =IF($L12="","",SUMIF(#REF!,$L12,#REF!)) -> #REF! | U12: =IF($L12="","",SUMIF(#REF!,$L12,#REF!)) -> #REF! | V12: =IF($L12="","",SUMIF(#REF!,$L12,#REF!)) -> #REF! | X12: =IF($L12="","",SUMIF(#REF!,$L12,#REF!)) -> #REF! | Y12: =IF($L12="","",SUMIF(#REF!,$L12,#REF!)) -> #REF! | AA12: =IF($L12="","",SUMIF(#REF!,$L12,#REF!)) -> #REF! | AB12: =IF($L12="","",SUMIF(#REF!,$L12,#REF!)) -> #REF! | AD12: =IF($L12="","",SUMIF(#REF!,$L12,#REF!)) -> #REF! | AE12: =IF($L12="","",SUMIF(#REF!,$L12,#REF!)) -> #REF! | AG12: =IF($L12="","",SUMIF(#REF!,$L12,#REF!)) -> #REF!
A13: Aaron Entwistle | B13: Senior Platform Engineer | C13: Platform | D13: {=IFERROR(_xlfn.TEXTJOIN(", ",TRUE,_xlfn.UNIQUE(_xlfn._xlws.FILTER(#REF!,(#REF!="Final")*(COUNTIFS('[1]Demand Capacity'!$B:$B,$A13,'[1]Demand Capacity'!$A:$A,#REF!)>0),""))),"")} | E13: Chris Bown | F13: FTE | G13: Stratus | H13: Phoenix | I13: DevOps | J13: Developer | K13: Senior | L13: aaronentwistle | M13: =IF($L13="","",SUMIF(#REF!,$L13,#REF!)) -> #REF! | O13: =IF($L13="","",SUMIF(#REF!,$L13,#REF!)) -> #REF! | P13: =IF($L13="","",SUMIF(#REF!,$L13,#REF!)) -> #REF! | R13: =IF($L13="","",SUMIF(#REF!,$L13,#REF!)) -> #REF! | S13: =IF($L13="","",SUMIF(#REF!,$L13,#REF!)) -> #REF! | U13: =IF($L13="","",SUMIF(#REF!,$L13,#REF!)) -> #REF! | V13: =IF($L13="","",SUMIF(#REF!,$L13,#REF!)) -> #REF! | X13: =IF($L13="","",SUMIF(#REF!,$L13,#REF!)) -> #REF! | Y13: =IF($L13="","",SUMIF(#REF!,$L13,#REF!)) -> #REF! | AA13: =IF($L13="","",SUMIF(#REF!,$L13,#REF!)) -> #REF! | AB13: =IF($L13="","",SUMIF(#REF!,$L13,#REF!)) -> #REF! | AD13: =IF($L13="","",SUMIF(#REF!,$L13,#REF!)) -> #REF! | AE13: =IF($L13="","",SUMIF(#REF!,$L13,#REF!)) -> #REF! | AG13: =IF($L13="","",SUMIF(#REF!,$L13,#REF!)) -> #REF!
A14: Anisah Reed | B14: Platform Engineer | C14: Platform | D14: {=IFERROR(_xlfn.TEXTJOIN(", ",TRUE,_xlfn.UNIQUE(_xlfn._xlws.FILTER(#REF!,(#REF!="Final")*(COUNTIFS('[1]Demand Capacity'!$B:$B,$A14,'[1]Demand Capacity'!$A:$A,#REF!)>0),""))),"")} | E14: Chris Bown | F14: Contractor | G14: Stratus | H14: Houston | I14: DevOps | J14: Developer | K14: Mid | L14: AnisahReed | M14: =IF($L14="","",SUMIF(#REF!,$L14,#REF!)) -> #REF! | O14: =IF($L14="","",SUMIF(#REF!,$L14,#REF!)) -> #REF! | P14: =IF($L14="","",SUMIF(#REF!,$L14,#REF!)) -> #REF! | R14: =IF($L14="","",SUMIF(#REF!,$L14,#REF!)) -> #REF! | S14: =IF($L14="","",SUMIF(#REF!,$L14,#REF!)) -> #REF! | U14: =IF($L14="","",SUMIF(#REF!,$L14,#REF!)) -> #REF! | V14: =IF($L14="","",SUMIF(#REF!,$L14,#REF!)) -> #REF! | X14: =IF($L14="","",SUMIF(#REF!,$L14,#REF!)) -> #REF! | Y14: =IF($L14="","",SUMIF(#REF!,$L14,#REF!)) -> #REF! | AA14: =IF($L14="","",SUMIF(#REF!,$L14,#REF!)) -> #REF! | AB14: =IF($L14="","",SUMIF(#REF!,$L14,#REF!)) -> #REF! | AD14: =IF($L14="","",SUMIF(#REF!,$L14,#REF!)) -> #REF! | AE14: =IF($L14="","",SUMIF(#REF!,$L14,#REF!)) -> #REF! | AG14: =IF($L14="","",SUMIF(#REF!,$L14,#REF!)) -> #REF!
A15: Zach Ward | B15: Platform Engineer | C15: Platform | D15: {=IFERROR(_xlfn.TEXTJOIN(", ",TRUE,_xlfn.UNIQUE(_xlfn._xlws.FILTER(#REF!,(#REF!="Final")*(COUNTIFS('[1]Demand Capacity'!$B:$B,$A15,'[1]Demand Capacity'!$A:$A,#REF!)>0),""))),"")} | E15: Chris Bown | F15: FTE | G15: Stratus | H15: San Diego | I15: DevOps | J15: Developer | K15: Mid | L15: zwardstratus | M15: =IF($L15="","",SUMIF(#REF!,$L15,#REF!)) -> #REF! | O15: =IF($L15="","",SUMIF(#REF!,$L15,#REF!)) -> #REF! | P15: =IF($L15="","",SUMIF(#REF!,$L15,#REF!)) -> #REF! | R15: =IF($L15="","",SUMIF(#REF!,$L15,#REF!)) -> #REF! | S15: =IF($L15="","",SUMIF(#REF!,$L15,#REF!)) -> #REF! | U15: =IF($L15="","",SUMIF(#REF!,$L15,#REF!)) -> #REF! | V15: =IF($L15="","",SUMIF(#REF!,$L15,#REF!)) -> #REF! | X15: =IF($L15="","",SUMIF(#REF!,$L15,#REF!)) -> #REF! | Y15: =IF($L15="","",SUMIF(#REF!,$L15,#REF!)) -> #REF! | AA15: =IF($L15="","",SUMIF(#REF!,$L15,#REF!)) -> #REF! | AB15: =IF($L15="","",SUMIF(#REF!,$L15,#REF!)) -> #REF! | AD15: =IF($L15="","",SUMIF(#REF!,$L15,#REF!)) -> #REF! | AE15: =IF($L15="","",SUMIF(#REF!,$L15,#REF!)) -> #REF! | AG15: =IF($L15="","",SUMIF(#REF!,$L15,#REF!)) -> #REF!
A16: Kyle Snyder | B16: IT (Platform team) | C16: Platform | D16: {=IFERROR(_xlfn.TEXTJOIN(", ",TRUE,_xlfn.UNIQUE(_xlfn._xlws.FILTER(#REF!,(#REF!="Final")*(COUNTIFS('[1]Demand Capacity'!$B:$B,$A16,'[1]Demand Capacity'!$A:$A,#REF!)>0),""))),"")} | E16: Chris Bown | F16: FTE | G16: Stratus | H16: Kansas City | I16: IT | J16: Other | K16: Mid | L16: kylesnydergogtp | M16: =IF($L16="","",SUMIF(#REF!,$L16,#REF!)) -> #REF! | O16: =IF($L16="","",SUMIF(#REF!,$L16,#REF!)) -> #REF! | P16: =IF($L16="","",SUMIF(#REF!,$L16,#REF!)) -> #REF! | R16: =IF($L16="","",SUMIF(#REF!,$L16,#REF!)) -> #REF! | S16: =IF($L16="","",SUMIF(#REF!,$L16,#REF!)) -> #REF! | U16: =IF($L16="","",SUMIF(#REF!,$L16,#REF!)) -> #REF! | V16: =IF($L16="","",SUMIF(#REF!,$L16,#REF!)) -> #REF! | X16: =IF($L16="","",SUMIF(#REF!,$L16,#REF!)) -> #REF! | Y16: =IF($L16="","",SUMIF(#REF!,$L16,#REF!)) -> #REF! | AA16: =IF($L16="","",SUMIF(#REF!,$L16,#REF!)) -> #REF! | AB16: =IF($L16="","",SUMIF(#REF!,$L16,#REF!)) -> #REF! | AD16: =IF($L16="","",SUMIF(#REF!,$L16,#REF!)) -> #REF! | AE16: =IF($L16="","",SUMIF(#REF!,$L16,#REF!)) -> #REF! | AG16: =IF($L16="","",SUMIF(#REF!,$L16,#REF!)) -> #REF!
A17: Antonio Pola | B17: Principal Engineer / Tech Lead | C17: Core | D17: {=IFERROR(_xlfn.TEXTJOIN(", ",TRUE,_xlfn.UNIQUE(_xlfn._xlws.FILTER(#REF!,(#REF!="Final")*(COUNTIFS('[1]Demand Capacity'!$B:$B,$A17,'[1]Demand Capacity'!$A:$A,#REF!)>0),""))),"")} | E17: Anthony Anderson | F17: Contractor (FTE-equivalent) | G17: Rippling | H17: Mexico | I17: Full Stack | J17: Developer | K17: Principal | L17: AntonioPolaGTP | M17: =IF($L17="","",SUMIF(#REF!,$L17,#REF!)) -> #REF! | O17: =IF($L17="","",SUMIF(#REF!,$L17,#REF!)) -> #REF! | P17: =IF($L17="","",SUMIF(#REF!,$L17,#REF!)) -> #REF! | R17: =IF($L17="","",SUMIF(#REF!,$L17,#REF!)) -> #REF! | S17: =IF($L17="","",SUMIF(#REF!,$L17,#REF!)) -> #REF! | U17: =IF($L17="","",SUMIF(#REF!,$L17,#REF!)) -> #REF! | V17: =IF($L17="","",SUMIF(#REF!,$L17,#REF!)) -> #REF! | X17: =IF($L17="","",SUMIF(#REF!,$L17,#REF!)) -> #REF! | Y17: =IF($L17="","",SUMIF(#REF!,$L17,#REF!)) -> #REF! | AA17: =IF($L17="","",SUMIF(#REF!,$L17,#REF!)) -> #REF! | AB17: =IF($L17="","",SUMIF(#REF!,$L17,#REF!)) -> #REF! | AD17: =IF($L17="","",SUMIF(#REF!,$L17,#REF!)) -> #REF! | AE17: =IF($L17="","",SUMIF(#REF!,$L17,#REF!)) -> #REF! | AG17: =IF($L17="","",SUMIF(#REF!,$L17,#REF!)) -> #REF!
A18: Adrian Castillo | B18: Full Stack Engineer (Lead-track) | C18: Core | D18: {=IFERROR(_xlfn.TEXTJOIN(", ",TRUE,_xlfn.UNIQUE(_xlfn._xlws.FILTER(#REF!,(#REF!="Final")*(COUNTIFS('[1]Demand Capacity'!$B:$B,$A18,'[1]Demand Capacity'!$A:$A,#REF!)>0),""))),"")} | E18: Anthony Anderson | F18: Contractor (FTE-equivalent) | G18: Stratus | H18: Mexico | I18: Full Stack | J18: Developer | K18: Senior | L18: adrianCastillo-gtp | M18: =IF($L18="","",SUMIF(#REF!,$L18,#REF!)) -> #REF! | O18: =IF($L18="","",SUMIF(#REF!,$L18,#REF!)) -> #REF! | P18: =IF($L18="","",SUMIF(#REF!,$L18,#REF!)) -> #REF! | R18: =IF($L18="","",SUMIF(#REF!,$L18,#REF!)) -> #REF! | S18: =IF($L18="","",SUMIF(#REF!,$L18,#REF!)) -> #REF! | U18: =IF($L18="","",SUMIF(#REF!,$L18,#REF!)) -> #REF! | V18: =IF($L18="","",SUMIF(#REF!,$L18,#REF!)) -> #REF! | X18: =IF($L18="","",SUMIF(#REF!,$L18,#REF!)) -> #REF! | Y18: =IF($L18="","",SUMIF(#REF!,$L18,#REF!)) -> #REF! | AA18: =IF($L18="","",SUMIF(#REF!,$L18,#REF!)) -> #REF! | AB18: =IF($L18="","",SUMIF(#REF!,$L18,#REF!)) -> #REF! | AD18: =IF($L18="","",SUMIF(#REF!,$L18,#REF!)) -> #REF! | AE18: =IF($L18="","",SUMIF(#REF!,$L18,#REF!)) -> #REF! | AG18: =IF($L18="","",SUMIF(#REF!,$L18,#REF!)) -> #REF!
A19: Matt Duffy | B19: Full Stack Engineer | C19: Core | D19: {=IFERROR(_xlfn.TEXTJOIN(", ",TRUE,_xlfn.UNIQUE(_xlfn._xlws.FILTER(#REF!,(#REF!="Final")*(COUNTIFS('[1]Demand Capacity'!$B:$B,$A19,'[1]Demand Capacity'!$A:$A,#REF!)>0),""))),"")} | E19: Anthony Anderson | F19: FTE | G19: Stratus | H19: Wisconsin | I19: Full Stack | J19: Developer | K19: Senior | L19: mduffy-gtp | M19: =IF($L19="","",SUMIF(#REF!,$L19,#REF!)) -> #REF! | O19: =IF($L19="","",SUMIF(#REF!,$L19,#REF!)) -> #REF! | P19: =IF($L19="","",SUMIF(#REF!,$L19,#REF!)) -> #REF! | R19: =IF($L19="","",SUMIF(#REF!,$L19,#REF!)) -> #REF! | S19: =IF($L19="","",SUMIF(#REF!,$L19,#REF!)) -> #REF! | U19: =IF($L19="","",SUMIF(#REF!,$L19,#REF!)) -> #REF! | V19: =IF($L19="","",SUMIF(#REF!,$L19,#REF!)) -> #REF! | X19: =IF($L19="","",SUMIF(#REF!,$L19,#REF!)) -> #REF! | Y19: =IF($L19="","",SUMIF(#REF!,$L19,#REF!)) -> #REF! | AA19: =IF($L19="","",SUMIF(#REF!,$L19,#REF!)) -> #REF! | AB19: =IF($L19="","",SUMIF(#REF!,$L19,#REF!)) -> #REF! | AD19: =IF($L19="","",SUMIF(#REF!,$L19,#REF!)) -> #REF! | AE19: =IF($L19="","",SUMIF(#REF!,$L19,#REF!)) -> #REF! | AG19: =IF($L19="","",SUMIF(#REF!,$L19,#REF!)) -> #REF!
A20: Hector Tinajero | B20: Senior Full Stack / Tech Lead | C20: Core | D20: {=IFERROR(_xlfn.TEXTJOIN(", ",TRUE,_xlfn.UNIQUE(_xlfn._xlws.FILTER(#REF!,(#REF!="Final")*(COUNTIFS('[1]Demand Capacity'!$B:$B,$A20,'[1]Demand Capacity'!$A:$A,#REF!)>0),""))),"")} | E20: Asa Baylus | F20: Contractor (FTE-equivalent) | G20: Rippling | H20: Mexico | I20: Full Stack | J20: Developer | K20: Senior | L20: hectortinajerogtp | M20: =IF($L20="","",SUMIF(#REF!,$L20,#REF!)) -> #REF! | O20: =IF($L20="","",SUMIF(#REF!,$L20,#REF!)) -> #REF! | P20: =IF($L20="","",SUMIF(#REF!,$L20,#REF!)) -> #REF! | R20: =IF($L20="","",SUMIF(#REF!,$L20,#REF!)) -> #REF! | S20: =IF($L20="","",SUMIF(#REF!,$L20,#REF!)) -> #REF! | U20: =IF($L20="","",SUMIF(#REF!,$L20,#REF!)) -> #REF! | V20: =IF($L20="","",SUMIF(#REF!,$L20,#REF!)) -> #REF! | X20: =IF($L20="","",SUMIF(#REF!,$L20,#REF!)) -> #REF! | Y20: =IF($L20="","",SUMIF(#REF!,$L20,#REF!)) -> #REF! | AA20: =IF($L20="","",SUMIF(#REF!,$L20,#REF!)) -> #REF! | AB20: =IF($L20="","",SUMIF(#REF!,$L20,#REF!)) -> #REF! | AD20: =IF($L20="","",SUMIF(#REF!,$L20,#REF!)) -> #REF! | AE20: =IF($L20="","",SUMIF(#REF!,$L20,#REF!)) -> #REF! | AG20: =IF($L20="","",SUMIF(#REF!,$L20,#REF!)) -> #REF!
A21: Maaz Qureshi | B21: Senior Full Stack Engineer | C21: Core | D21: {=IFERROR(_xlfn.TEXTJOIN(", ",TRUE,_xlfn.UNIQUE(_xlfn._xlws.FILTER(#REF!,(#REF!="Final")*(COUNTIFS('[1]Demand Capacity'!$B:$B,$A21,'[1]Demand Capacity'!$A:$A,#REF!)>0),""))),"")} | E21: Asa Baylus | F21: FTE | G21: Stratus | I21: Full Stack | J21: Developer | K21: Senior | L21: maazq1 | M21: =IF($L21="","",SUMIF(#REF!,$L21,#REF!)) -> #REF! | O21: =IF($L21="","",SUMIF(#REF!,$L21,#REF!)) -> #REF! | P21: =IF($L21="","",SUMIF(#REF!,$L21,#REF!)) -> #REF! | R21: =IF($L21="","",SUMIF(#REF!,$L21,#REF!)) -> #REF! | S21: =IF($L21="","",SUMIF(#REF!,$L21,#REF!)) -> #REF! | U21: =IF($L21="","",SUMIF(#REF!,$L21,#REF!)) -> #REF! | V21: =IF($L21="","",SUMIF(#REF!,$L21,#REF!)) -> #REF! | X21: =IF($L21="","",SUMIF(#REF!,$L21,#REF!)) -> #REF! | Y21: =IF($L21="","",SUMIF(#REF!,$L21,#REF!)) -> #REF! | AA21: =IF($L21="","",SUMIF(#REF!,$L21,#REF!)) -> #REF! | AB21: =IF($L21="","",SUMIF(#REF!,$L21,#REF!)) -> #REF! | AD21: =IF($L21="","",SUMIF(#REF!,$L21,#REF!)) -> #REF! | AE21: =IF($L21="","",SUMIF(#REF!,$L21,#REF!)) -> #REF! | AG21: =IF($L21="","",SUMIF(#REF!,$L21,#REF!)) -> #REF!
A22: David Rozen | B22: Principal Engineer (Backend) | C22: Core | D22: {=IFERROR(_xlfn.TEXTJOIN(", ",TRUE,_xlfn.UNIQUE(_xlfn._xlws.FILTER(#REF!,(#REF!="Final")*(COUNTIFS('[1]Demand Capacity'!$B:$B,$A22,'[1]Demand Capacity'!$A:$A,#REF!)>0),""))),"")} | E22: Anthony Anderson | F22: Contractor | G22: Marvik | H22: Argentina | I22: Full Stack | J22: Developer | K22: Principal | L22: dvdrozen-stratus | M22: =IF($L22="","",SUMIF(#REF!,$L22,#REF!)) -> #REF! | O22: =IF($L22="","",SUMIF(#REF!,$L22,#REF!)) -> #REF! | P22: =IF($L22="","",SUMIF(#REF!,$L22,#REF!)) -> #REF! | R22: =IF($L22="","",SUMIF(#REF!,$L22,#REF!)) -> #REF! | S22: =IF($L22="","",SUMIF(#REF!,$L22,#REF!)) -> #REF! | U22: =IF($L22="","",SUMIF(#REF!,$L22,#REF!)) -> #REF! | V22: =IF($L22="","",SUMIF(#REF!,$L22,#REF!)) -> #REF! | X22: =IF($L22="","",SUMIF(#REF!,$L22,#REF!)) -> #REF! | Y22: =IF($L22="","",SUMIF(#REF!,$L22,#REF!)) -> #REF! | AA22: =IF($L22="","",SUMIF(#REF!,$L22,#REF!)) -> #REF! | AB22: =IF($L22="","",SUMIF(#REF!,$L22,#REF!)) -> #REF! | AD22: =IF($L22="","",SUMIF(#REF!,$L22,#REF!)) -> #REF! | AE22: =IF($L22="","",SUMIF(#REF!,$L22,#REF!)) -> #REF! | AG22: =IF($L22="","",SUMIF(#REF!,$L22,#REF!)) -> #REF!
A23: Ryan Trimble | B23: Senior Front-end Engineer | C23: Core | D23: {=IFERROR(_xlfn.TEXTJOIN(", ",TRUE,_xlfn.UNIQUE(_xlfn._xlws.FILTER(#REF!,(#REF!="Final")*(COUNTIFS('[1]Demand Capacity'!$B:$B,$A23,'[1]Demand Capacity'!$A:$A,#REF!)>0),""))),"")} | E23: Anthony Anderson | F23: FTE | G23: Stratus | I23: Full Stack | J23: Developer | K23: Senior | L23: ryantrimble-stratus | M23: =IF($L23="","",SUMIF(#REF!,$L23,#REF!)) -> #REF! | O23: =IF($L23="","",SUMIF(#REF!,$L23,#REF!)) -> #REF! | P23: =IF($L23="","",SUMIF(#REF!,$L23,#REF!)) -> #REF! | R23: =IF($L23="","",SUMIF(#REF!,$L23,#REF!)) -> #REF! | S23: =IF($L23="","",SUMIF(#REF!,$L23,#REF!)) -> #REF! | U23: =IF($L23="","",SUMIF(#REF!,$L23,#REF!)) -> #REF! | V23: =IF($L23="","",SUMIF(#REF!,$L23,#REF!)) -> #REF! | X23: =IF($L23="","",SUMIF(#REF!,$L23,#REF!)) -> #REF! | Y23: =IF($L23="","",SUMIF(#REF!,$L23,#REF!)) -> #REF! | AA23: =IF($L23="","",SUMIF(#REF!,$L23,#REF!)) -> #REF! | AB23: =IF($L23="","",SUMIF(#REF!,$L23,#REF!)) -> #REF! | AD23: =IF($L23="","",SUMIF(#REF!,$L23,#REF!)) -> #REF! | AE23: =IF($L23="","",SUMIF(#REF!,$L23,#REF!)) -> #REF! | AG23: =IF($L23="","",SUMIF(#REF!,$L23,#REF!)) -> #REF!
A24: Ahmed Sohail | B24: Full Stack Engineer | C24: Core | D24: {=IFERROR(_xlfn.TEXTJOIN(", ",TRUE,_xlfn.UNIQUE(_xlfn._xlws.FILTER(#REF!,(#REF!="Final")*(COUNTIFS('[1]Demand Capacity'!$B:$B,$A24,'[1]Demand Capacity'!$A:$A,#REF!)>0),""))),"")} | E24: Asa Baylus | F24: FTE | G24: Stratus | I24: Full Stack | J24: Developer | K24: Senior | L24: aahmedstratus | M24: =IF($L24="","",SUMIF(#REF!,$L24,#REF!)) -> #REF! | O24: =IF($L24="","",SUMIF(#REF!,$L24,#REF!)) -> #REF! | P24: =IF($L24="","",SUMIF(#REF!,$L24,#REF!)) -> #REF! | R24: =IF($L24="","",SUMIF(#REF!,$L24,#REF!)) -> #REF! | S24: =IF($L24="","",SUMIF(#REF!,$L24,#REF!)) -> #REF! | U24: =IF($L24="","",SUMIF(#REF!,$L24,#REF!)) -> #REF! | V24: =IF($L24="","",SUMIF(#REF!,$L24,#REF!)) -> #REF! | X24: =IF($L24="","",SUMIF(#REF!,$L24,#REF!)) -> #REF! | Y24: =IF($L24="","",SUMIF(#REF!,$L24,#REF!)) -> #REF! | AA24: =IF($L24="","",SUMIF(#REF!,$L24,#REF!)) -> #REF! | AB24: =IF($L24="","",SUMIF(#REF!,$L24,#REF!)) -> #REF! | AD24: =IF($L24="","",SUMIF(#REF!,$L24,#REF!)) -> #REF! | AE24: =IF($L24="","",SUMIF(#REF!,$L24,#REF!)) -> #REF! | AG24: =IF($L24="","",SUMIF(#REF!,$L24,#REF!)) -> #REF!
A25: Joe Hosman | B25: Full Stack Engineer | C25: Core | D25: {=IFERROR(_xlfn.TEXTJOIN(", ",TRUE,_xlfn.UNIQUE(_xlfn._xlws.FILTER(#REF!,(#REF!="Final")*(COUNTIFS('[1]Demand Capacity'!$B:$B,$A25,'[1]Demand Capacity'!$A:$A,#REF!)>0),""))),"")} | E25: Asa Baylus | F25: FTE | G25: Stratus | H25: Kansas City | I25: Desktop | J25: Developer | K25: Senior | L25: JoeGoGTP | M25: =IF($L25="","",SUMIF(#REF!,$L25,#REF!)) -> #REF! | O25: =IF($L25="","",SUMIF(#REF!,$L25,#REF!)) -> #REF! | P25: =IF($L25="","",SUMIF(#REF!,$L25,#REF!)) -> #REF! | R25: =IF($L25="","",SUMIF(#REF!,$L25,#REF!)) -> #REF! | S25: =IF($L25="","",SUMIF(#REF!,$L25,#REF!)) -> #REF! | U25: =IF($L25="","",SUMIF(#REF!,$L25,#REF!)) -> #REF! | V25: =IF($L25="","",SUMIF(#REF!,$L25,#REF!)) -> #REF! | X25: =IF($L25="","",SUMIF(#REF!,$L25,#REF!)) -> #REF! | Y25: =IF($L25="","",SUMIF(#REF!,$L25,#REF!)) -> #REF! | AA25: =IF($L25="","",SUMIF(#REF!,$L25,#REF!)) -> #REF! | AB25: =IF($L25="","",SUMIF(#REF!,$L25,#REF!)) -> #REF! | AD25: =IF($L25="","",SUMIF(#REF!,$L25,#REF!)) -> #REF! | AE25: =IF($L25="","",SUMIF(#REF!,$L25,#REF!)) -> #REF! | AG25: =IF($L25="","",SUMIF(#REF!,$L25,#REF!)) -> #REF!
A26: Ignacio Harretche | B26: Full Stack Engineer | C26: Core | D26: {=IFERROR(_xlfn.TEXTJOIN(", ",TRUE,_xlfn.UNIQUE(_xlfn._xlws.FILTER(#REF!,(#REF!="Final")*(COUNTIFS('[1]Demand Capacity'!$B:$B,$A26,'[1]Demand Capacity'!$A:$A,#REF!)>0),""))),"")} | E26: Asa Baylus | F26: Contractor | G26: Marvik | I26: Desktop | J26: Developer | K26: Senior | L26: ignacio-harretche-stratus | M26: =IF($L26="","",SUMIF(#REF!,$L26,#REF!)) -> #REF! | O26: =IF($L26="","",SUMIF(#REF!,$L26,#REF!)) -> #REF! | P26: =IF($L26="","",SUMIF(#REF!,$L26,#REF!)) -> #REF! | R26: =IF($L26="","",SUMIF(#REF!,$L26,#REF!)) -> #REF! | S26: =IF($L26="","",SUMIF(#REF!,$L26,#REF!)) -> #REF! | U26: =IF($L26="","",SUMIF(#REF!,$L26,#REF!)) -> #REF! | V26: =IF($L26="","",SUMIF(#REF!,$L26,#REF!)) -> #REF! | X26: =IF($L26="","",SUMIF(#REF!,$L26,#REF!)) -> #REF! | Y26: =IF($L26="","",SUMIF(#REF!,$L26,#REF!)) -> #REF! | AA26: =IF($L26="","",SUMIF(#REF!,$L26,#REF!)) -> #REF! | AB26: =IF($L26="","",SUMIF(#REF!,$L26,#REF!)) -> #REF! | AD26: =IF($L26="","",SUMIF(#REF!,$L26,#REF!)) -> #REF! | AE26: =IF($L26="","",SUMIF(#REF!,$L26,#REF!)) -> #REF! | AG26: =IF($L26="","",SUMIF(#REF!,$L26,#REF!)) -> #REF!
A27: Steve Rives | B27: Lead Engineer — Workstation/Print | C27: Core | D27: {=IFERROR(_xlfn.TEXTJOIN(", ",TRUE,_xlfn.UNIQUE(_xlfn._xlws.FILTER(#REF!,(#REF!="Final")*(COUNTIFS('[1]Demand Capacity'!$B:$B,$A27,'[1]Demand Capacity'!$A:$A,#REF!)>0),""))),"")} | E27: Anthony Anderson | F27: FTE | G27: Stratus | H27: Kansas City | I27: Full Stack | J27: Developer | K27: Lead | L27: srives-gtp | M27: =IF($L27="","",SUMIF(#REF!,$L27,#REF!)) -> #REF! | O27: =IF($L27="","",SUMIF(#REF!,$L27,#REF!)) -> #REF! | P27: =IF($L27="","",SUMIF(#REF!,$L27,#REF!)) -> #REF! | R27: =IF($L27="","",SUMIF(#REF!,$L27,#REF!)) -> #REF! | S27: =IF($L27="","",SUMIF(#REF!,$L27,#REF!)) -> #REF! | U27: =IF($L27="","",SUMIF(#REF!,$L27,#REF!)) -> #REF! | V27: =IF($L27="","",SUMIF(#REF!,$L27,#REF!)) -> #REF! | X27: =IF($L27="","",SUMIF(#REF!,$L27,#REF!)) -> #REF! | Y27: =IF($L27="","",SUMIF(#REF!,$L27,#REF!)) -> #REF! | AA27: =IF($L27="","",SUMIF(#REF!,$L27,#REF!)) -> #REF! | AB27: =IF($L27="","",SUMIF(#REF!,$L27,#REF!)) -> #REF! | AD27: =IF($L27="","",SUMIF(#REF!,$L27,#REF!)) -> #REF! | AE27: =IF($L27="","",SUMIF(#REF!,$L27,#REF!)) -> #REF! | AG27: =IF($L27="","",SUMIF(#REF!,$L27,#REF!)) -> #REF!
A28: Fernando Bastos | B28: Desktop Engineer | C28: Core | D28: {=IFERROR(_xlfn.TEXTJOIN(", ",TRUE,_xlfn.UNIQUE(_xlfn._xlws.FILTER(#REF!,(#REF!="Final")*(COUNTIFS('[1]Demand Capacity'!$B:$B,$A28,'[1]Demand Capacity'!$A:$A,#REF!)>0),""))),"")} | E28: Anthony Anderson | F28: Contractor (FTE-equivalent) | G28: Rippling | H28: Brazil | I28: Desktop | J28: Developer | K28: Senior | L28: fernandobastosgogtp | M28: =IF($L28="","",SUMIF(#REF!,$L28,#REF!)) -> #REF! | O28: =IF($L28="","",SUMIF(#REF!,$L28,#REF!)) -> #REF! | P28: =IF($L28="","",SUMIF(#REF!,$L28,#REF!)) -> #REF! | R28: =IF($L28="","",SUMIF(#REF!,$L28,#REF!)) -> #REF! | S28: =IF($L28="","",SUMIF(#REF!,$L28,#REF!)) -> #REF! | U28: =IF($L28="","",SUMIF(#REF!,$L28,#REF!)) -> #REF! | V28: =IF($L28="","",SUMIF(#REF!,$L28,#REF!)) -> #REF! | X28: =IF($L28="","",SUMIF(#REF!,$L28,#REF!)) -> #REF! | Y28: =IF($L28="","",SUMIF(#REF!,$L28,#REF!)) -> #REF! | AA28: =IF($L28="","",SUMIF(#REF!,$L28,#REF!)) -> #REF! | AB28: =IF($L28="","",SUMIF(#REF!,$L28,#REF!)) -> #REF! | AD28: =IF($L28="","",SUMIF(#REF!,$L28,#REF!)) -> #REF! | AE28: =IF($L28="","",SUMIF(#REF!,$L28,#REF!)) -> #REF! | AG28: =IF($L28="","",SUMIF(#REF!,$L28,#REF!)) -> #REF!
A29: Anthony Lehenbauer | B29: Lead — Field Orders | C29: Core | D29: {=IFERROR(_xlfn.TEXTJOIN(", ",TRUE,_xlfn.UNIQUE(_xlfn._xlws.FILTER(#REF!,(#REF!="Final")*(COUNTIFS('[1]Demand Capacity'!$B:$B,$A29,'[1]Demand Capacity'!$A:$A,#REF!)>0),""))),"")} | E29: Anthony Anderson | F29: FTE | G29: Stratus | H29: Ashburn, Virginia Gainesville, FL | I29: Full Stack | J29: Developer | K29: Senior | L29: gtp-anthony-lehenbauer | M29: =IF($L29="","",SUMIF(#REF!,$L29,#REF!)) -> #REF! | O29: =IF($L29="","",SUMIF(#REF!,$L29,#REF!)) -> #REF! | P29: =IF($L29="","",SUMIF(#REF!,$L29,#REF!)) -> #REF! | R29: =IF($L29="","",SUMIF(#REF!,$L29,#REF!)) -> #REF! | S29: =IF($L29="","",SUMIF(#REF!,$L29,#REF!)) -> #REF! | U29: =IF($L29="","",SUMIF(#REF!,$L29,#REF!)) -> #REF! | V29: =IF($L29="","",SUMIF(#REF!,$L29,#REF!)) -> #REF! | X29: =IF($L29="","",SUMIF(#REF!,$L29,#REF!)) -> #REF! | Y29: =IF($L29="","",SUMIF(#REF!,$L29,#REF!)) -> #REF! | AA29: =IF($L29="","",SUMIF(#REF!,$L29,#REF!)) -> #REF! | AB29: =IF($L29="","",SUMIF(#REF!,$L29,#REF!)) -> #REF! | AD29: =IF($L29="","",SUMIF(#REF!,$L29,#REF!)) -> #REF! | AE29: =IF($L29="","",SUMIF(#REF!,$L29,#REF!)) -> #REF! | AG29: =IF($L29="","",SUMIF(#REF!,$L29,#REF!)) -> #REF!
A30: Lautaro Araujo | B30: Cloud / Platform Engineer | C30: Core | D30: {=IFERROR(_xlfn.TEXTJOIN(", ",TRUE,_xlfn.UNIQUE(_xlfn._xlws.FILTER(#REF!,(#REF!="Final")*(COUNTIFS('[1]Demand Capacity'!$B:$B,$A30,'[1]Demand Capacity'!$A:$A,#REF!)>0),""))),"")} | E30: Anthony Anderson | F30: Contractor (FTE-equivalent) | G30: Rippling | H30: Argentina | I30: Backend | J30: Developer | K30: Mid | L30: laaraujo | M30: =IF($L30="","",SUMIF(#REF!,$L30,#REF!)) -> #REF! | O30: =IF($L30="","",SUMIF(#REF!,$L30,#REF!)) -> #REF! | P30: =IF($L30="","",SUMIF(#REF!,$L30,#REF!)) -> #REF! | R30: =IF($L30="","",SUMIF(#REF!,$L30,#REF!)) -> #REF! | S30: =IF($L30="","",SUMIF(#REF!,$L30,#REF!)) -> #REF! | U30: =IF($L30="","",SUMIF(#REF!,$L30,#REF!)) -> #REF! | V30: =IF($L30="","",SUMIF(#REF!,$L30,#REF!)) -> #REF! | X30: =IF($L30="","",SUMIF(#REF!,$L30,#REF!)) -> #REF! | Y30: =IF($L30="","",SUMIF(#REF!,$L30,#REF!)) -> #REF! | AA30: =IF($L30="","",SUMIF(#REF!,$L30,#REF!)) -> #REF! | AB30: =IF($L30="","",SUMIF(#REF!,$L30,#REF!)) -> #REF! | AD30: =IF($L30="","",SUMIF(#REF!,$L30,#REF!)) -> #REF! | AE30: =IF($L30="","",SUMIF(#REF!,$L30,#REF!)) -> #REF! | AG30: =IF($L30="","",SUMIF(#REF!,$L30,#REF!)) -> #REF!
A31: Martin Ferreira | B31: Unity Developer | C31: Core | D31: {=IFERROR(_xlfn.TEXTJOIN(", ",TRUE,_xlfn.UNIQUE(_xlfn._xlws.FILTER(#REF!,(#REF!="Final")*(COUNTIFS('[1]Demand Capacity'!$B:$B,$A31,'[1]Demand Capacity'!$A:$A,#REF!)>0),""))),"")} | E31: Anthony Anderson | F31: Contractor (FTE-equivalent) | G31: Rippling | I31: Backend | J31: Developer | K31: Mid | L31: Martin-Stratus | M31: =IF($L31="","",SUMIF(#REF!,$L31,#REF!)) -> #REF! | O31: =IF($L31="","",SUMIF(#REF!,$L31,#REF!)) -> #REF! | P31: =IF($L31="","",SUMIF(#REF!,$L31,#REF!)) -> #REF! | R31: =IF($L31="","",SUMIF(#REF!,$L31,#REF!)) -> #REF! | S31: =IF($L31="","",SUMIF(#REF!,$L31,#REF!)) -> #REF! | U31: =IF($L31="","",SUMIF(#REF!,$L31,#REF!)) -> #REF! | V31: =IF($L31="","",SUMIF(#REF!,$L31,#REF!)) -> #REF! | X31: =IF($L31="","",SUMIF(#REF!,$L31,#REF!)) -> #REF! | Y31: =IF($L31="","",SUMIF(#REF!,$L31,#REF!)) -> #REF! | AA31: =IF($L31="","",SUMIF(#REF!,$L31,#REF!)) -> #REF! | AB31: =IF($L31="","",SUMIF(#REF!,$L31,#REF!)) -> #REF! | AD31: =IF($L31="","",SUMIF(#REF!,$L31,#REF!)) -> #REF! | AE31: =IF($L31="","",SUMIF(#REF!,$L31,#REF!)) -> #REF! | AG31: =IF($L31="","",SUMIF(#REF!,$L31,#REF!)) -> #REF!
A32: Tomas Gorkin | B32: Engineer — Mobile Viewer | C32: Core | D32: {=IFERROR(_xlfn.TEXTJOIN(", ",TRUE,_xlfn.UNIQUE(_xlfn._xlws.FILTER(#REF!,(#REF!="Final")*(COUNTIFS('[1]Demand Capacity'!$B:$B,$A32,'[1]Demand Capacity'!$A:$A,#REF!)>0),""))),"")} | E32: Anthony Anderson | F32: Contractor (FTE-equivalent) | G32: Rippling | I32: QA | J32: Other | K32: Senior | L32: tomas-stratus | M32: =IF($L32="","",SUMIF(#REF!,$L32,#REF!)) -> #REF! | O32: =IF($L32="","",SUMIF(#REF!,$L32,#REF!)) -> #REF! | P32: =IF($L32="","",SUMIF(#REF!,$L32,#REF!)) -> #REF! | R32: =IF($L32="","",SUMIF(#REF!,$L32,#REF!)) -> #REF! | S32: =IF($L32="","",SUMIF(#REF!,$L32,#REF!)) -> #REF! | U32: =IF($L32="","",SUMIF(#REF!,$L32,#REF!)) -> #REF! | V32: =IF($L32="","",SUMIF(#REF!,$L32,#REF!)) -> #REF! | X32: =IF($L32="","",SUMIF(#REF!,$L32,#REF!)) -> #REF! | Y32: =IF($L32="","",SUMIF(#REF!,$L32,#REF!)) -> #REF! | AA32: =IF($L32="","",SUMIF(#REF!,$L32,#REF!)) -> #REF! | AB32: =IF($L32="","",SUMIF(#REF!,$L32,#REF!)) -> #REF! | AD32: =IF($L32="","",SUMIF(#REF!,$L32,#REF!)) -> #REF! | AE32: =IF($L32="","",SUMIF(#REF!,$L32,#REF!)) -> #REF! | AG32: =IF($L32="","",SUMIF(#REF!,$L32,#REF!)) -> #REF!
A33: Bruce Vaughn | B33: Principal QA Engineer | C33: Core | D33: {=IFERROR(_xlfn.TEXTJOIN(", ",TRUE,_xlfn.UNIQUE(_xlfn._xlws.FILTER(#REF!,(#REF!="Final")*(COUNTIFS('[1]Demand Capacity'!$B:$B,$A33,'[1]Demand Capacity'!$A:$A,#REF!)>0),""))),"")} | E33: Anthony Anderson | F33: FTE | G33: Stratus | H33: Kansas City | I33: QA | J33: Other | K33: Lead | L33: QABruceVaughn | M33: =IF($L33="","",SUMIF(#REF!,$L33,#REF!)) -> #REF! | O33: =IF($L33="","",SUMIF(#REF!,$L33,#REF!)) -> #REF! | P33: =IF($L33="","",SUMIF(#REF!,$L33,#REF!)) -> #REF! | R33: =IF($L33="","",SUMIF(#REF!,$L33,#REF!)) -> #REF! | S33: =IF($L33="","",SUMIF(#REF!,$L33,#REF!)) -> #REF! | U33: =IF($L33="","",SUMIF(#REF!,$L33,#REF!)) -> #REF! | V33: =IF($L33="","",SUMIF(#REF!,$L33,#REF!)) -> #REF! | X33: =IF($L33="","",SUMIF(#REF!,$L33,#REF!)) -> #REF! | Y33: =IF($L33="","",SUMIF(#REF!,$L33,#REF!)) -> #REF! | AA33: =IF($L33="","",SUMIF(#REF!,$L33,#REF!)) -> #REF! | AB33: =IF($L33="","",SUMIF(#REF!,$L33,#REF!)) -> #REF! | AD33: =IF($L33="","",SUMIF(#REF!,$L33,#REF!)) -> #REF! | AE33: =IF($L33="","",SUMIF(#REF!,$L33,#REF!)) -> #REF! | AG33: =IF($L33="","",SUMIF(#REF!,$L33,#REF!)) -> #REF!
A34: Murat Ozel | B34: SDET | C34: Core | D34: {=IFERROR(_xlfn.TEXTJOIN(", ",TRUE,_xlfn.UNIQUE(_xlfn._xlws.FILTER(#REF!,(#REF!="Final")*(COUNTIFS('[1]Demand Capacity'!$B:$B,$A34,'[1]Demand Capacity'!$A:$A,#REF!)>0),""))),"")} | E34: Anthony Anderson | F34: FTE | G34: Stratus | H34: Nashville | I34: QA | J34: Other | K34: Mid | L34: Murat-QA | M34: =IF($L34="","",SUMIF(#REF!,$L34,#REF!)) -> #REF! | O34: =IF($L34="","",SUMIF(#REF!,$L34,#REF!)) -> #REF! | P34: =IF($L34="","",SUMIF(#REF!,$L34,#REF!)) -> #REF! | R34: =IF($L34="","",SUMIF(#REF!,$L34,#REF!)) -> #REF! | S34: =IF($L34="","",SUMIF(#REF!,$L34,#REF!)) -> #REF! | U34: =IF($L34="","",SUMIF(#REF!,$L34,#REF!)) -> #REF! | V34: =IF($L34="","",SUMIF(#REF!,$L34,#REF!)) -> #REF! | X34: =IF($L34="","",SUMIF(#REF!,$L34,#REF!)) -> #REF! | Y34: =IF($L34="","",SUMIF(#REF!,$L34,#REF!)) -> #REF! | AA34: =IF($L34="","",SUMIF(#REF!,$L34,#REF!)) -> #REF! | AB34: =IF($L34="","",SUMIF(#REF!,$L34,#REF!)) -> #REF! | AD34: =IF($L34="","",SUMIF(#REF!,$L34,#REF!)) -> #REF! | AE34: =IF($L34="","",SUMIF(#REF!,$L34,#REF!)) -> #REF! | AG34: =IF($L34="","",SUMIF(#REF!,$L34,#REF!)) -> #REF!
A35: Glenn Holmes | B35: QA Engineer | C35: Core | D35: {=IFERROR(_xlfn.TEXTJOIN(", ",TRUE,_xlfn.UNIQUE(_xlfn._xlws.FILTER(#REF!,(#REF!="Final")*(COUNTIFS('[1]Demand Capacity'!$B:$B,$A35,'[1]Demand Capacity'!$A:$A,#REF!)>0),""))),"")} | E35: Anthony Anderson | F35: FTE | G35: Stratus | H35: Kansas City | I35: QA | J35: Other | K35: Mid | L35: Glenn-QA | M35: =IF($L35="","",SUMIF(#REF!,$L35,#REF!)) -> #REF! | O35: =IF($L35="","",SUMIF(#REF!,$L35,#REF!)) -> #REF! | P35: =IF($L35="","",SUMIF(#REF!,$L35,#REF!)) -> #REF! | R35: =IF($L35="","",SUMIF(#REF!,$L35,#REF!)) -> #REF! | S35: =IF($L35="","",SUMIF(#REF!,$L35,#REF!)) -> #REF! | U35: =IF($L35="","",SUMIF(#REF!,$L35,#REF!)) -> #REF! | V35: =IF($L35="","",SUMIF(#REF!,$L35,#REF!)) -> #REF! | X35: =IF($L35="","",SUMIF(#REF!,$L35,#REF!)) -> #REF! | Y35: =IF($L35="","",SUMIF(#REF!,$L35,#REF!)) -> #REF! | AA35: =IF($L35="","",SUMIF(#REF!,$L35,#REF!)) -> #REF! | AB35: =IF($L35="","",SUMIF(#REF!,$L35,#REF!)) -> #REF! | AD35: =IF($L35="","",SUMIF(#REF!,$L35,#REF!)) -> #REF! | AE35: =IF($L35="","",SUMIF(#REF!,$L35,#REF!)) -> #REF! | AG35: =IF($L35="","",SUMIF(#REF!,$L35,#REF!)) -> #REF!
A36: Chris Cavazos | B36: Publish Support Engineer | C36: Core | D36: {=IFERROR(_xlfn.TEXTJOIN(", ",TRUE,_xlfn.UNIQUE(_xlfn._xlws.FILTER(#REF!,(#REF!="Final")*(COUNTIFS('[1]Demand Capacity'!$B:$B,$A36,'[1]Demand Capacity'!$A:$A,#REF!)>0),""))),"")} | E36: Asa Baylus | F36: FTE | G36: Stratus | H36: Seattle | I36: Full Stack | J36: Developer | K36: Mid | L36: crcavazos | M36: =IF($L36="","",SUMIF(#REF!,$L36,#REF!)) -> #REF! | O36: =IF($L36="","",SUMIF(#REF!,$L36,#REF!)) -> #REF! | P36: =IF($L36="","",SUMIF(#REF!,$L36,#REF!)) -> #REF! | R36: =IF($L36="","",SUMIF(#REF!,$L36,#REF!)) -> #REF! | S36: =IF($L36="","",SUMIF(#REF!,$L36,#REF!)) -> #REF! | U36: =IF($L36="","",SUMIF(#REF!,$L36,#REF!)) -> #REF! | V36: =IF($L36="","",SUMIF(#REF!,$L36,#REF!)) -> #REF! | X36: =IF($L36="","",SUMIF(#REF!,$L36,#REF!)) -> #REF! | Y36: =IF($L36="","",SUMIF(#REF!,$L36,#REF!)) -> #REF! | AA36: =IF($L36="","",SUMIF(#REF!,$L36,#REF!)) -> #REF! | AB36: =IF($L36="","",SUMIF(#REF!,$L36,#REF!)) -> #REF! | AD36: =IF($L36="","",SUMIF(#REF!,$L36,#REF!)) -> #REF! | AE36: =IF($L36="","",SUMIF(#REF!,$L36,#REF!)) -> #REF! | AG36: =IF($L36="","",SUMIF(#REF!,$L36,#REF!)) -> #REF!
A37: Christian Johnston | B37: Technical Support Rep | C37: Technical Support | D37: {=IFERROR(_xlfn.TEXTJOIN(", ",TRUE,_xlfn.UNIQUE(_xlfn._xlws.FILTER(#REF!,(#REF!="Final")*(COUNTIFS('[1]Demand Capacity'!$B:$B,$A37,'[1]Demand Capacity'!$A:$A,#REF!)>0),""))),"")} | E37: Crystal Ross | F37: FTE | G37: Stratus | H37: Indiana | I37: Support | J37: Other | K37: Mid | M37: =IF($L37="","",SUMIF(#REF!,$L37,#REF!)) | O37: =IF($L37="","",SUMIF(#REF!,$L37,#REF!)) | P37: =IF($L37="","",SUMIF(#REF!,$L37,#REF!)) | R37: =IF($L37="","",SUMIF(#REF!,$L37,#REF!)) | S37: =IF($L37="","",SUMIF(#REF!,$L37,#REF!)) | U37: =IF($L37="","",SUMIF(#REF!,$L37,#REF!)) | V37: =IF($L37="","",SUMIF(#REF!,$L37,#REF!)) | X37: =IF($L37="","",SUMIF(#REF!,$L37,#REF!)) | Y37: =IF($L37="","",SUMIF(#REF!,$L37,#REF!)) | AA37: =IF($L37="","",SUMIF(#REF!,$L37,#REF!)) | AB37: =IF($L37="","",SUMIF(#REF!,$L37,#REF!)) | AD37: =IF($L37="","",SUMIF(#REF!,$L37,#REF!)) | AE37: =IF($L37="","",SUMIF(#REF!,$L37,#REF!)) | AG37: =IF($L37="","",SUMIF(#REF!,$L37,#REF!))
A38: Skylar Ryals | B38: Technical Support Rep | C38: Technical Support | D38: {=IFERROR(_xlfn.TEXTJOIN(", ",TRUE,_xlfn.UNIQUE(_xlfn._xlws.FILTER(#REF!,(#REF!="Final")*(COUNTIFS('[1]Demand Capacity'!$B:$B,$A38,'[1]Demand Capacity'!$A:$A,#REF!)>0),""))),"")} | E38: Crystal Ross | F38: FTE | G38: Stratus | H38: New Mexico | I38: Support | J38: Other | K38: Mid | L38: S-Ryals | M38: =IF($L38="","",SUMIF(#REF!,$L38,#REF!)) -> #REF! | O38: =IF($L38="","",SUMIF(#REF!,$L38,#REF!)) -> #REF! | P38: =IF($L38="","",SUMIF(#REF!,$L38,#REF!)) -> #REF! | R38: =IF($L38="","",SUMIF(#REF!,$L38,#REF!)) -> #REF! | S38: =IF($L38="","",SUMIF(#REF!,$L38,#REF!)) -> #REF! | U38: =IF($L38="","",SUMIF(#REF!,$L38,#REF!)) -> #REF! | V38: =IF($L38="","",SUMIF(#REF!,$L38,#REF!)) -> #REF! | X38: =IF($L38="","",SUMIF(#REF!,$L38,#REF!)) -> #REF! | Y38: =IF($L38="","",SUMIF(#REF!,$L38,#REF!)) -> #REF! | AA38: =IF($L38="","",SUMIF(#REF!,$L38,#REF!)) -> #REF! | AB38: =IF($L38="","",SUMIF(#REF!,$L38,#REF!)) -> #REF! | AD38: =IF($L38="","",SUMIF(#REF!,$L38,#REF!)) -> #REF! | AE38: =IF($L38="","",SUMIF(#REF!,$L38,#REF!)) -> #REF! | AG38: =IF($L38="","",SUMIF(#REF!,$L38,#REF!)) -> #REF!
A39: Jonah Sly | B39: Technical Support Rep | C39: Technical Support | D39: {=IFERROR(_xlfn.TEXTJOIN(", ",TRUE,_xlfn.UNIQUE(_xlfn._xlws.FILTER(#REF!,(#REF!="Final")*(COUNTIFS('[1]Demand Capacity'!$B:$B,$A39,'[1]Demand Capacity'!$A:$A,#REF!)>0),""))),"")} | E39: Crystal Ross | F39: FTE | G39: Stratus | H39: Texas | I39: Support | J39: Other | K39: Mid | M39: =IF($L39="","",SUMIF(#REF!,$L39,#REF!)) | O39: =IF($L39="","",SUMIF(#REF!,$L39,#REF!)) | P39: =IF($L39="","",SUMIF(#REF!,$L39,#REF!)) | R39: =IF($L39="","",SUMIF(#REF!,$L39,#REF!)) | S39: =IF($L39="","",SUMIF(#REF!,$L39,#REF!)) | U39: =IF($L39="","",SUMIF(#REF!,$L39,#REF!)) | V39: =IF($L39="","",SUMIF(#REF!,$L39,#REF!)) | X39: =IF($L39="","",SUMIF(#REF!,$L39,#REF!)) | Y39: =IF($L39="","",SUMIF(#REF!,$L39,#REF!)) | AA39: =IF($L39="","",SUMIF(#REF!,$L39,#REF!)) | AB39: =IF($L39="","",SUMIF(#REF!,$L39,#REF!)) | AD39: =IF($L39="","",SUMIF(#REF!,$L39,#REF!)) | AE39: =IF($L39="","",SUMIF(#REF!,$L39,#REF!)) | AG39: =IF($L39="","",SUMIF(#REF!,$L39,#REF!))
L40: DavidU-GTP | M40: =IF($L40="","",SUMIF(#REF!,$L40,#REF!)) -> #REF! | O40: =IF($L40="","",SUMIF(#REF!,$L40,#REF!)) -> #REF! | P40: =IF($L40="","",SUMIF(#REF!,$L40,#REF!)) -> #REF! | R40: =IF($L40="","",SUMIF(#REF!,$L40,#REF!)) -> #REF! | S40: =IF($L40="","",SUMIF(#REF!,$L40,#REF!)) -> #REF! | U40: =IF($L40="","",SUMIF(#REF!,$L40,#REF!)) -> #REF! | V40: =IF($L40="","",SUMIF(#REF!,$L40,#REF!)) -> #REF! | X40: =IF($L40="","",SUMIF(#REF!,$L40,#REF!)) -> #REF! | Y40: =IF($L40="","",SUMIF(#REF!,$L40,#REF!)) -> #REF! | AA40: =IF($L40="","",SUMIF(#REF!,$L40,#REF!)) -> #REF! | AB40: =IF($L40="","",SUMIF(#REF!,$L40,#REF!)) -> #REF! | AD40: =IF($L40="","",SUMIF(#REF!,$L40,#REF!)) -> #REF! | AE40: =IF($L40="","",SUMIF(#REF!,$L40,#REF!)) -> #REF! | AG40: =IF($L40="","",SUMIF(#REF!,$L40,#REF!)) -> #REF!
L41: Stratus-BT | M41: =IF($L41="","",SUMIF(#REF!,$L41,#REF!)) -> #REF! | O41: =IF($L41="","",SUMIF(#REF!,$L41,#REF!)) -> #REF! | P41: =IF($L41="","",SUMIF(#REF!,$L41,#REF!)) -> #REF! | R41: =IF($L41="","",SUMIF(#REF!,$L41,#REF!)) -> #REF! | S41: =IF($L41="","",SUMIF(#REF!,$L41,#REF!)) -> #REF! | U41: =IF($L41="","",SUMIF(#REF!,$L41,#REF!)) -> #REF! | V41: =IF($L41="","",SUMIF(#REF!,$L41,#REF!)) -> #REF! | X41: =IF($L41="","",SUMIF(#REF!,$L41,#REF!)) -> #REF! | Y41: =IF($L41="","",SUMIF(#REF!,$L41,#REF!)) -> #REF! | AA41: =IF($L41="","",SUMIF(#REF!,$L41,#REF!)) -> #REF! | AB41: =IF($L41="","",SUMIF(#REF!,$L41,#REF!)) -> #REF! | AD41: =IF($L41="","",SUMIF(#REF!,$L41,#REF!)) -> #REF! | AE41: =IF($L41="","",SUMIF(#REF!,$L41,#REF!)) -> #REF! | AG41: =IF($L41="","",SUMIF(#REF!,$L41,#REF!)) -> #REF!
L42: alejo-cano-marvik | M42: =IF($L42="","",SUMIF(#REF!,$L42,#REF!)) -> #REF! | O42: =IF($L42="","",SUMIF(#REF!,$L42,#REF!)) -> #REF! | P42: =IF($L42="","",SUMIF(#REF!,$L42,#REF!)) -> #REF! | R42: =IF($L42="","",SUMIF(#REF!,$L42,#REF!)) -> #REF! | S42: =IF($L42="","",SUMIF(#REF!,$L42,#REF!)) -> #REF! | U42: =IF($L42="","",SUMIF(#REF!,$L42,#REF!)) -> #REF! | V42: =IF($L42="","",SUMIF(#REF!,$L42,#REF!)) -> #REF! | X42: =IF($L42="","",SUMIF(#REF!,$L42,#REF!)) -> #REF! | Y42: =IF($L42="","",SUMIF(#REF!,$L42,#REF!)) -> #REF! | AA42: =IF($L42="","",SUMIF(#REF!,$L42,#REF!)) -> #REF! | AB42: =IF($L42="","",SUMIF(#REF!,$L42,#REF!)) -> #REF! | AD42: =IF($L42="","",SUMIF(#REF!,$L42,#REF!)) -> #REF! | AE42: =IF($L42="","",SUMIF(#REF!,$L42,#REF!)) -> #REF! | AG42: =IF($L42="","",SUMIF(#REF!,$L42,#REF!)) -> #REF!
L43: ana-santana-gtp | M43: =IF($L43="","",SUMIF(#REF!,$L43,#REF!)) -> #REF! | O43: =IF($L43="","",SUMIF(#REF!,$L43,#REF!)) -> #REF! | P43: =IF($L43="","",SUMIF(#REF!,$L43,#REF!)) -> #REF! | R43: =IF($L43="","",SUMIF(#REF!,$L43,#REF!)) -> #REF! | S43: =IF($L43="","",SUMIF(#REF!,$L43,#REF!)) -> #REF! | U43: =IF($L43="","",SUMIF(#REF!,$L43,#REF!)) -> #REF! | V43: =IF($L43="","",SUMIF(#REF!,$L43,#REF!)) -> #REF! | X43: =IF($L43="","",SUMIF(#REF!,$L43,#REF!)) -> #REF! | Y43: =IF($L43="","",SUMIF(#REF!,$L43,#REF!)) -> #REF! | AA43: =IF($L43="","",SUMIF(#REF!,$L43,#REF!)) -> #REF! | AB43: =IF($L43="","",SUMIF(#REF!,$L43,#REF!)) -> #REF! | AD43: =IF($L43="","",SUMIF(#REF!,$L43,#REF!)) -> #REF! | AE43: =IF($L43="","",SUMIF(#REF!,$L43,#REF!)) -> #REF! | AG43: =IF($L43="","",SUMIF(#REF!,$L43,#REF!)) -> #REF!
L44: annusingh | M44: =IF($L44="","",SUMIF(#REF!,$L44,#REF!)) -> #REF! | O44: =IF($L44="","",SUMIF(#REF!,$L44,#REF!)) -> #REF! | P44: =IF($L44="","",SUMIF(#REF!,$L44,#REF!)) -> #REF! | R44: =IF($L44="","",SUMIF(#REF!,$L44,#REF!)) -> #REF! | S44: =IF($L44="","",SUMIF(#REF!,$L44,#REF!)) -> #REF! | U44: =IF($L44="","",SUMIF(#REF!,$L44,#REF!)) -> #REF! | V44: =IF($L44="","",SUMIF(#REF!,$L44,#REF!)) -> #REF! | X44: =IF($L44="","",SUMIF(#REF!,$L44,#REF!)) -> #REF! | Y44: =IF($L44="","",SUMIF(#REF!,$L44,#REF!)) -> #REF! | AA44: =IF($L44="","",SUMIF(#REF!,$L44,#REF!)) -> #REF! | AB44: =IF($L44="","",SUMIF(#REF!,$L44,#REF!)) -> #REF! | AD44: =IF($L44="","",SUMIF(#REF!,$L44,#REF!)) -> #REF! | AE44: =IF($L44="","",SUMIF(#REF!,$L44,#REF!)) -> #REF! | AG44: =IF($L44="","",SUMIF(#REF!,$L44,#REF!)) -> #REF!
L45: cameronstratus | M45: =IF($L45="","",SUMIF(#REF!,$L45,#REF!)) -> #REF! | O45: =IF($L45="","",SUMIF(#REF!,$L45,#REF!)) -> #REF! | P45: =IF($L45="","",SUMIF(#REF!,$L45,#REF!)) -> #REF! | R45: =IF($L45="","",SUMIF(#REF!,$L45,#REF!)) -> #REF! | S45: =IF($L45="","",SUMIF(#REF!,$L45,#REF!)) -> #REF! | U45: =IF($L45="","",SUMIF(#REF!,$L45,#REF!)) -> #REF! | V45: =IF($L45="","",SUMIF(#REF!,$L45,#REF!)) -> #REF! | X45: =IF($L45="","",SUMIF(#REF!,$L45,#REF!)) -> #REF! | Y45: =IF($L45="","",SUMIF(#REF!,$L45,#REF!)) -> #REF! | AA45: =IF($L45="","",SUMIF(#REF!,$L45,#REF!)) -> #REF! | AB45: =IF($L45="","",SUMIF(#REF!,$L45,#REF!)) -> #REF! | AD45: =IF($L45="","",SUMIF(#REF!,$L45,#REF!)) -> #REF! | AE45: =IF($L45="","",SUMIF(#REF!,$L45,#REF!)) -> #REF! | AG45: =IF($L45="","",SUMIF(#REF!,$L45,#REF!)) -> #REF!
L46: chanelatstratus | M46: =IF($L46="","",SUMIF(#REF!,$L46,#REF!)) -> #REF! | O46: =IF($L46="","",SUMIF(#REF!,$L46,#REF!)) -> #REF! | P46: =IF($L46="","",SUMIF(#REF!,$L46,#REF!)) -> #REF! | R46: =IF($L46="","",SUMIF(#REF!,$L46,#REF!)) -> #REF! | S46: =IF($L46="","",SUMIF(#REF!,$L46,#REF!)) -> #REF! | U46: =IF($L46="","",SUMIF(#REF!,$L46,#REF!)) -> #REF! | V46: =IF($L46="","",SUMIF(#REF!,$L46,#REF!)) -> #REF! | X46: =IF($L46="","",SUMIF(#REF!,$L46,#REF!)) -> #REF! | Y46: =IF($L46="","",SUMIF(#REF!,$L46,#REF!)) -> #REF! | AA46: =IF($L46="","",SUMIF(#REF!,$L46,#REF!)) -> #REF! | AB46: =IF($L46="","",SUMIF(#REF!,$L46,#REF!)) -> #REF! | AD46: =IF($L46="","",SUMIF(#REF!,$L46,#REF!)) -> #REF! | AE46: =IF($L46="","",SUMIF(#REF!,$L46,#REF!)) -> #REF! | AG46: =IF($L46="","",SUMIF(#REF!,$L46,#REF!)) -> #REF!
L47: emilytconnery | M47: =IF($L47="","",SUMIF(#REF!,$L47,#REF!)) -> #REF! | O47: =IF($L47="","",SUMIF(#REF!,$L47,#REF!)) -> #REF! | P47: =IF($L47="","",SUMIF(#REF!,$L47,#REF!)) -> #REF! | R47: =IF($L47="","",SUMIF(#REF!,$L47,#REF!)) -> #REF! | S47: =IF($L47="","",SUMIF(#REF!,$L47,#REF!)) -> #REF! | U47: =IF($L47="","",SUMIF(#REF!,$L47,#REF!)) -> #REF! | V47: =IF($L47="","",SUMIF(#REF!,$L47,#REF!)) -> #REF! | X47: =IF($L47="","",SUMIF(#REF!,$L47,#REF!)) -> #REF! | Y47: =IF($L47="","",SUMIF(#REF!,$L47,#REF!)) -> #REF! | AA47: =IF($L47="","",SUMIF(#REF!,$L47,#REF!)) -> #REF! | AB47: =IF($L47="","",SUMIF(#REF!,$L47,#REF!)) -> #REF! | AD47: =IF($L47="","",SUMIF(#REF!,$L47,#REF!)) -> #REF! | AE47: =IF($L47="","",SUMIF(#REF!,$L47,#REF!)) -> #REF! | AG47: =IF($L47="","",SUMIF(#REF!,$L47,#REF!)) -> #REF!
L48: gregorysantoro | M48: =IF($L48="","",SUMIF(#REF!,$L48,#REF!)) -> #REF! | O48: =IF($L48="","",SUMIF(#REF!,$L48,#REF!)) -> #REF! | P48: =IF($L48="","",SUMIF(#REF!,$L48,#REF!)) -> #REF! | R48: =IF($L48="","",SUMIF(#REF!,$L48,#REF!)) -> #REF! | S48: =IF($L48="","",SUMIF(#REF!,$L48,#REF!)) -> #REF! | U48: =IF($L48="","",SUMIF(#REF!,$L48,#REF!)) -> #REF! | V48: =IF($L48="","",SUMIF(#REF!,$L48,#REF!)) -> #REF! | X48: =IF($L48="","",SUMIF(#REF!,$L48,#REF!)) -> #REF! | Y48: =IF($L48="","",SUMIF(#REF!,$L48,#REF!)) -> #REF! | AA48: =IF($L48="","",SUMIF(#REF!,$L48,#REF!)) -> #REF! | AB48: =IF($L48="","",SUMIF(#REF!,$L48,#REF!)) -> #REF! | AD48: =IF($L48="","",SUMIF(#REF!,$L48,#REF!)) -> #REF! | AE48: =IF($L48="","",SUMIF(#REF!,$L48,#REF!)) -> #REF! | AG48: =IF($L48="","",SUMIF(#REF!,$L48,#REF!)) -> #REF!
L49: gtp-platform-automation | M49: =IF($L49="","",SUMIF(#REF!,$L49,#REF!)) -> #REF! | O49: =IF($L49="","",SUMIF(#REF!,$L49,#REF!)) -> #REF! | P49: =IF($L49="","",SUMIF(#REF!,$L49,#REF!)) -> #REF! | R49: =IF($L49="","",SUMIF(#REF!,$L49,#REF!)) -> #REF! | S49: =IF($L49="","",SUMIF(#REF!,$L49,#REF!)) -> #REF! | U49: =IF($L49="","",SUMIF(#REF!,$L49,#REF!)) -> #REF! | V49: =IF($L49="","",SUMIF(#REF!,$L49,#REF!)) -> #REF! | X49: =IF($L49="","",SUMIF(#REF!,$L49,#REF!)) -> #REF! | Y49: =IF($L49="","",SUMIF(#REF!,$L49,#REF!)) -> #REF! | AA49: =IF($L49="","",SUMIF(#REF!,$L49,#REF!)) -> #REF! | AB49: =IF($L49="","",SUMIF(#REF!,$L49,#REF!)) -> #REF! | AD49: =IF($L49="","",SUMIF(#REF!,$L49,#REF!)) -> #REF! | AE49: =IF($L49="","",SUMIF(#REF!,$L49,#REF!)) -> #REF! | AG49: =IF($L49="","",SUMIF(#REF!,$L49,#REF!)) -> #REF!
L50: hollystratus | M50: =IF($L50="","",SUMIF(#REF!,$L50,#REF!)) -> #REF! | O50: =IF($L50="","",SUMIF(#REF!,$L50,#REF!)) -> #REF! | P50: =IF($L50="","",SUMIF(#REF!,$L50,#REF!)) -> #REF! | R50: =IF($L50="","",SUMIF(#REF!,$L50,#REF!)) -> #REF! | S50: =IF($L50="","",SUMIF(#REF!,$L50,#REF!)) -> #REF! | U50: =IF($L50="","",SUMIF(#REF!,$L50,#REF!)) -> #REF! | V50: =IF($L50="","",SUMIF(#REF!,$L50,#REF!)) -> #REF! | X50: =IF($L50="","",SUMIF(#REF!,$L50,#REF!)) -> #REF! | Y50: =IF($L50="","",SUMIF(#REF!,$L50,#REF!)) -> #REF! | AA50: =IF($L50="","",SUMIF(#REF!,$L50,#REF!)) -> #REF! | AB50: =IF($L50="","",SUMIF(#REF!,$L50,#REF!)) -> #REF! | AD50: =IF($L50="","",SUMIF(#REF!,$L50,#REF!)) -> #REF! | AE50: =IF($L50="","",SUMIF(#REF!,$L50,#REF!)) -> #REF! | AG50: =IF($L50="","",SUMIF(#REF!,$L50,#REF!)) -> #REF!
L51: matthew-tatertots | M51: =IF($L51="","",SUMIF(#REF!,$L51,#REF!)) -> #REF! | O51: =IF($L51="","",SUMIF(#REF!,$L51,#REF!)) -> #REF! | P51: =IF($L51="","",SUMIF(#REF!,$L51,#REF!)) -> #REF! | R51: =IF($L51="","",SUMIF(#REF!,$L51,#REF!)) -> #REF! | S51: =IF($L51="","",SUMIF(#REF!,$L51,#REF!)) -> #REF! | U51: =IF($L51="","",SUMIF(#REF!,$L51,#REF!)) -> #REF! | V51: =IF($L51="","",SUMIF(#REF!,$L51,#REF!)) -> #REF! | X51: =IF($L51="","",SUMIF(#REF!,$L51,#REF!)) -> #REF! | Y51: =IF($L51="","",SUMIF(#REF!,$L51,#REF!)) -> #REF! | AA51: =IF($L51="","",SUMIF(#REF!,$L51,#REF!)) -> #REF! | AB51: =IF($L51="","",SUMIF(#REF!,$L51,#REF!)) -> #REF! | AD51: =IF($L51="","",SUMIF(#REF!,$L51,#REF!)) -> #REF! | AE51: =IF($L51="","",SUMIF(#REF!,$L51,#REF!)) -> #REF! | AG51: =IF($L51="","",SUMIF(#REF!,$L51,#REF!)) -> #REF!
... L53: stephen-hoff-stratus | M53: =IF($L53="","",SUMIF(#REF!,$L53,#REF!)) -> #REF! | O53: =IF($L53="","",SUMIF(#REF!,$L53,#REF!)) -> #REF! | P53: =IF($L53="","",SUMIF(#REF!,$L53,#REF!)) -> #REF! | R53: =IF($L53="","",SUMIF(#REF!,$L53,#REF!)) -> #REF! | S53: =IF($L53="","",SUMIF(#REF!,$L53,#REF!)) -> #REF! | U53: =IF($L53="","",SUMIF(#REF!,$L53,#REF!)) -> #REF! | V53: =IF($L53="","",SUMIF(#REF!,$L53,#REF!)) -> #REF! | X53: =IF($L53="","",SUMIF(#REF!,$L53,#REF!)) -> #REF! | Y53: =IF($L53="","",SUMIF(#REF!,$L53,#REF!)) -> #REF! | AA53: =IF($L53="","",SUMIF(#REF!,$L53,#REF!)) -> #REF! | AB53: =IF($L53="","",SUMIF(#REF!,$L53,#REF!)) -> #REF! | AD53: =IF($L53="","",SUMIF(#REF!,$L53,#REF!)) -> #REF! | AE53: =IF($L53="","",SUMIF(#REF!,$L53,#REF!)) -> #REF! | AG53: =IF($L53="","",SUMIF(#REF!,$L53,#REF!)) -> #REF!

Sheet Data
A1: Full Name | B1: Title | C1: Team | D1: Workstream | E1: Manager | F1: Employment Type | G1: Company | H1: Location | I1: Discipline | J1: Role | K1: Seniority | L1: GitHub Account | M1: May 1–8 | P1: May 8–15 | S1: May 15–22 | V1: May 22–29 | Y1: May 29–Jun 5 | AB1: Jun 5–10 | AE1: Total | AH1: Notes
M2: PR | N2: Tickets | O2: LoC | P2: PR | Q2: Tickets | R2: LoC | S2: PR | T2: Tickets | U2: LoC | V2: PR | W2: Tickets | X2: LoC | Y2: PR | Z2: Tickets | AA2: LoC | AB2: PR | AC2: Tickets | AD2: LoC | AE2: PR | AF2: Tickets | AG2: LoC
A3: Anthony Anderson | B3: Interim Director of Engineering | C3: Engineering Leadership | D3: Admin | E3: Annu Singh | F3: FTE | G3: Stratus | H3: Orlando | I3: Leadership | J3: Other | K3: Director | L3: anthonyagtp | M3: 3 | N3: 1 | O3: 102 | P3: 0 | Q3: 0 | R3: 0 | S3: 0 | T3: 0 | U3: 0 | V3: 0 | W3: 3 | X3: 485 | Y3: 0 | Z3: 2 | AA3: 485 | AB3: 0 | AC3: 0 | AD3: 457 | AE3: 3 | AF3: 6 | AG3: 1529
A4: Asa Baylus | B4: VP Engineering | C4: Engineering Leadership | D4: Admin | E4: Annu Singh | F4: FTE | G4: Stratus | H4: Virginia | I4: Leadership | J4: Other | K4: Director | L4: asabaylus | M4: 0 | N4: 1 | O4: 7017 | P4: 3 | Q4: 1 | R4: 7045 | S4: 4 | T4: 0 | U4: 5249 | V4: 0 | W4: 1 | X4: 1033 | Y4: 0 | Z4: 0 | AA4: 9196 | AB4: 2 | AC4: 0 | AD4: 20951 | AE4: 9 | AF4: 3 | AG4: 50491
A5: Jonathan Umscheid | B5: Chief Innovation Officer | C5: Engineering Leadership | D5: Admin | E5: Annu Singh | F5: FTE | G5: Stratus | H5: North Carolina | I5: Leadership | J5: Other | K5: Director | L5: jonathanumscheid | M5: 0 | N5: 0 | O5: 0 | P5: 1 | Q5: 0 | R5: 20 | S5: 1 | T5: 0 | U5: 20 | V5: 1 | W5: 0 | X5: 5119 | Y5: 5 | Z5: 2 | AA5: 23561 | AB5: 1 | AC5: 3 | AD5: 4873 | AE5: 9 | AF5: 5 | AG5: 33593
A6: Crystal Ross | B6: Director Technical Support | C6: Engineering Leadership | D6: Admin | E6: Annu Singh | F6: FTE | G6: Stratus | H6: Massachusetts | I6: Leadership | J6: Other | K6: Director | N6: 0 | Q6: 1 | T6: 0 | W6: 0 | Z6: 0 | AC6: 0 | AF6: 1
A7: Chris Bown | B7: Senior Director, Platform Engineering | C7: Engineering Leadership | D7: Admin | E7: Annu Singh | F7: FTE | G7: Stratus | H7: Phoenix | I7: Leadership | J7: Developer | K7: Director | L7: cbown75 | M7: 99 | N7: 85 | O7: 86186 | P7: 30 | Q7: 34 | R7: 16786 | S7: 11 | T7: 13 | U7: 5433 | V7: 10 | W7: 7 | X7: 3716 | Y7: 17 | Z7: 13 | AA7: 1415 | AB7: 11 | AC7: 16 | AD7: 3262 | AE7: 178 | AF7: 168 | AG7: 116798
A8: Andy Robins | B8: Full Stack Engineer | C8: Labs | D8: {=IFERROR(_xlfn.TEXTJOIN(", ",TRUE,_xlfn.UNIQUE(_xlfn._xlws.FILTER(#REF!,(#REF!="Final")*(COUNTIFS('[1]Demand Capacity'!$B:$B,$A8,'[1]Demand Capacity'!$A:$A,#REF!)>0),""))),"")} | E8: Jonathan Umscheid | F8: FTE | G8: Stratus | H8: UK | I8: Full Stack | J8: Developer | K8: Lead | L8: andyrobins-gtp | M8: 0 | N8: 0 | O8: 0 | P8: 0 | Q8: 0 | R8: 0 | S8: 0 | T8: 0 | U8: 0 | V8: 0 | W8: 0 | X8: 0 | Y8: 0 | Z8: 0 | AA8: 3418 | AB8: 0 | AC8: 0 | AD8: 0 | AE8: 0 | AF8: 0 | AG8: 3418
A9: Don Porter | B9: Full Stack Engineer | C9: Labs | D9: {=IFERROR(_xlfn.TEXTJOIN(", ",TRUE,_xlfn.UNIQUE(_xlfn._xlws.FILTER(#REF!,(#REF!="Final")*(COUNTIFS('[1]Demand Capacity'!$B:$B,$A9,'[1]Demand Capacity'!$A:$A,#REF!)>0),""))),"")} | E9: Jonathan Umscheid | F9: FTE | G9: Stratus | H9: Columbia | I9: Full Stack | J9: Developer | K9: Senior | L9: donatgtp | M9: 0 | N9: 0 | O9: 13569 | P9: 0 | Q9: 1 | R9: 120146 | S9: 0 | T9: 0 | U9: 12105 | V9: 0 | W9: 0 | X9: 16062 | Y9: 0 | Z9: 1 | AA9: 24899 | AB9: 0 | AC9: 0 | AD9: 11427 | AE9: 0 | AF9: 2 | AG9: 198208
A10: Francisco Micucci | B10: Full Stack Engineer | C10: Labs | D10: {=IFERROR(_xlfn.TEXTJOIN(", ",TRUE,_xlfn.UNIQUE(_xlfn._xlws.FILTER(#REF!,(#REF!="Final")*(COUNTIFS('[1]Demand Capacity'!$B:$B,$A10,'[1]Demand Capacity'!$A:$A,#REF!)>0),""))),"")} | E10: Asa Baylus | F10: Contractor | G10: Marvik | I10: Full Stack | J10: Developer | K10: Senior | L10: famicucci | M10: 7 | N10: 8 | O10: 4504 | P10: 5 | Q10: 4 | R10: 7510 | S10: 9 | T10: 5 | U10: 8061 | V10: 3 | W10: 4 | X10: 7460 | Y10: 9 | Z10: 3 | AA10: 8710 | AB10: 6 | AC10: 6 | AD10: 1262 | AE10: 39 | AF10: 30 | AG10: 37507
A11: Eric Spieguel | B11: Data Engineer | C11: Labs | D11: {=IFERROR(_xlfn.TEXTJOIN(", ",TRUE,_xlfn.UNIQUE(_xlfn._xlws.FILTER(#REF!,(#REF!="Final")*(COUNTIFS('[1]Demand Capacity'!$B:$B,$A11,'[1]Demand Capacity'!$A:$A,#REF!)>0),""))),"")} | E11: Asa Baylus | F11: Contractor | G11: Marvik | I11: DS | J11: Developer | K11: Senior | L11: ericspiguel | M11: 0 | N11: 0 | O11: 0 | P11: 0 | Q11: 0 | R11: 0 | S11: 0 | T11: 0 | U11: 0 | V11: 0 | W11: 0 | X11: 9088 | Y11: 1 | Z11: 2 | AA11: 9088 | AB11: 0 | AC11: 2 | AD11: 0 | AE11: 1 | AF11: 4 | AG11: 18176
A12: Juan Oliu | B12: Architect / Lead | C12: Labs | D12: {=IFERROR(_xlfn.TEXTJOIN(", ",TRUE,_xlfn.UNIQUE(_xlfn._xlws.FILTER(#REF!,(#REF!="Final")*(COUNTIFS('[1]Demand Capacity'!$B:$B,$A12,'[1]Demand Capacity'!$A:$A,#REF!)>0),""))),"")} | E12: Asa Baylus | F12: Contractor | G12: Marvik | I12: Full Stack | J12: Developer | K12: Lead | L12: jmoliugp | M12: 0 | N12: 1 | O12: 0 | P12: 12 | Q12: 5 | R12: 54480 | S12: 6 | T12: 9 | U12: 1158508 | V12: 1 | W12: 2 | X12: 6381 | Y12: 2 | Z12: 2 | AA12: 27556 | AB12: 1 | AC12: 0 | AD12: 14844 | AE12: 22 | AF12: 19 | AG12: 1261769
A13: Aaron Entwistle | B13: Senior Platform Engineer | C13: Platform | D13: {=IFERROR(_xlfn.TEXTJOIN(", ",TRUE,_xlfn.UNIQUE(_xlfn._xlws.FILTER(#REF!,(#REF!="Final")*(COUNTIFS('[1]Demand Capacity'!$B:$B,$A13,'[1]Demand Capacity'!$A:$A,#REF!)>0),""))),"")} | E13: Chris Bown | F13: FTE | G13: Stratus | H13: Phoenix | I13: DevOps | J13: Developer | K13: Senior | L13: aaronentwistle | M13: 8 | N13: 1 | O13: 1244 | P13: 7 | Q13: 14 | R13: 1233 | S13: 15 | T13: 13 | U13: 2536 | V13: 15 | W13: 3 | X13: 1478 | Y13: 6 | Z13: 1 | AA13: 1316 | AB13: 13 | AC13: 11 | AD13: 4601 | AE13: 64 | AF13: 43 | AG13: 12408
A14: Anisah Reed | B14: Platform Engineer | C14: Platform | D14: {=IFERROR(_xlfn.TEXTJOIN(", ",TRUE,_xlfn.UNIQUE(_xlfn._xlws.FILTER(#REF!,(#REF!="Final")*(COUNTIFS('[1]Demand Capacity'!$B:$B,$A14,'[1]Demand Capacity'!$A:$A,#REF!)>0),""))),"")} | E14: Chris Bown | F14: Contractor | G14: Stratus | H14: Houston | I14: DevOps | J14: Developer | K14: Mid | L14: AnisahReed | M14: 0 | N14: 0 | O14: 0 | P14: 2 | Q14: 1 | R14: 85 | S14: 0 | T14: 0 | U14: 456 | V14: 2 | W14: 0 | X14: 1037 | Y14: 1 | Z14: 0 | AA14: 1799 | AB14: 0 | AC14: 0 | AD14: 2628 | AE14: 5 | AF14: 1 | AG14: 6005
A15: Zach Ward | B15: Platform Engineer | C15: Platform | D15: {=IFERROR(_xlfn.TEXTJOIN(", ",TRUE,_xlfn.UNIQUE(_xlfn._xlws.FILTER(#REF!,(#REF!="Final")*(COUNTIFS('[1]Demand Capacity'!$B:$B,$A15,'[1]Demand Capacity'!$A:$A,#REF!)>0),""))),"")} | E15: Chris Bown | F15: FTE | G15: Stratus | H15: San Diego | I15: DevOps | J15: Developer | K15: Mid | L15: zwardstratus | M15: 8 | N15: 9 | O15: 1566 | P15: 34 | Q15: 1 | R15: 4277 | S15: 22 | T15: 13 | U15: 1699 | V15: 11 | W15: 4 | X15: 1161 | Y15: 12 | Z15: 12 | AA15: 2142 | AB15: 13 | AC15: 13 | AD15: 1776 | AE15: 100 | AF15: 52 | AG15: 12621
A16: Kyle Snyder | B16: IT (Platform team) | C16: Platform | D16: {=IFERROR(_xlfn.TEXTJOIN(", ",TRUE,_xlfn.UNIQUE(_xlfn._xlws.FILTER(#REF!,(#REF!="Final")*(COUNTIFS('[1]Demand Capacity'!$B:$B,$A16,'[1]Demand Capacity'!$A:$A,#REF!)>0),""))),"")} | E16: Chris Bown | F16: FTE | G16: Stratus | H16: Kansas City | I16: IT | J16: Other | K16: Mid | L16: kylesnydergogtp | M16: 0 | N16: 0 | O16: 0 | P16: 0 | Q16: 0 | R16: 0 | S16: 0 | T16: 0 | U16: 0 | V16: 1 | W16: 1 | X16: 34 | Y16: 2 | Z16: 0 | AA16: 39 | AB16: 2 | AC16: 1 | AD16: 38 | AE16: 5 | AF16: 2 | AG16: 111
A17: Antonio Pola | B17: Principal Engineer / Tech Lead | C17: Core | D17: {=IFERROR(_xlfn.TEXTJOIN(", ",TRUE,_xlfn.UNIQUE(_xlfn._xlws.FILTER(#REF!,(#REF!="Final")*(COUNTIFS('[1]Demand Capacity'!$B:$B,$A17,'[1]Demand Capacity'!$A:$A,#REF!)>0),""))),"")} | E17: Anthony Anderson | F17: Contractor (FTE-equivalent) | G17: Rippling | H17: Mexico | I17: Full Stack | J17: Developer | K17: Principal | L17: AntonioPolaGTP | M17: 2 | N17: 1 | O17: 2020 | P17: 8 | Q17: 6 | R17: 4845 | S17: 1 | T17: 1 | U17: 5 | V17: 0 | W17: 0 | X17: 0 | Y17: 0 | Z17: 0 | AA17: 0 | AB17: 2 | AC17: 0 | AD17: 240 | AE17: 13 | AF17: 8 | AG17: 7110
A18: Adrian Castillo | B18: Full Stack Engineer (Lead-track) | C18: Core | D18: {=IFERROR(_xlfn.TEXTJOIN(", ",TRUE,_xlfn.UNIQUE(_xlfn._xlws.FILTER(#REF!,(#REF!="Final")*(COUNTIFS('[1]Demand Capacity'!$B:$B,$A18,'[1]Demand Capacity'!$A:$A,#REF!)>0),""))),"")} | E18: Anthony Anderson | F18: Contractor (FTE-equivalent) | G18: Stratus | H18: Mexico | I18: Full Stack | J18: Developer | K18: Senior | L18: adrianCastillo-gtp | M18: 6 | N18: 0 | O18: 75669 | P18: 8 | Q18: 3 | R18: 4999 | S18: 3 | T18: 2 | U18: 1408 | V18: 6 | W18: 3 | X18: 2107 | Y18: 6 | Z18: 2 | AA18: 3365 | AB18: 1 | AC18: 9 | AD18: 6282 | AE18: 30 | AF18: 19 | AG18: 93830
A19: Matt Duffy | B19: Full Stack Engineer | C19: Core | D19: {=IFERROR(_xlfn.TEXTJOIN(", ",TRUE,_xlfn.UNIQUE(_xlfn._xlws.FILTER(#REF!,(#REF!="Final")*(COUNTIFS('[1]Demand Capacity'!$B:$B,$A19,'[1]Demand Capacity'!$A:$A,#REF!)>0),""))),"")} | E19: Anthony Anderson | F19: FTE | G19: Stratus | H19: Wisconsin | I19: Full Stack | J19: Developer | K19: Senior | L19: mduffy-gtp | M19: 4 | N19: 1 | O19: 2505 | P19: 5 | Q19: 3 | R19: 4444 | S19: 1 | T19: 9 | U19: 706 | V19: 5 | W19: 0 | X19: 2421 | Y19: 10 | Z19: 7 | AA19: 4050 | AB19: 3 | AC19: 3 | AD19: 894 | AE19: 28 | AF19: 23 | AG19: 15020
A20: Hector Tinajero | B20: Senior Full Stack / Tech Lead | C20: Core | D20: {=IFERROR(_xlfn.TEXTJOIN(", ",TRUE,_xlfn.UNIQUE(_xlfn._xlws.FILTER(#REF!,(#REF!="Final")*(COUNTIFS('[1]Demand Capacity'!$B:$B,$A20,'[1]Demand Capacity'!$A:$A,#REF!)>0),""))),"")} | E20: Asa Baylus | F20: Contractor (FTE-equivalent) | G20: Rippling | H20: Mexico | I20: Full Stack | J20: Developer | K20: Senior | L20: hectortinajerogtp | M20: 0 | N20: 2 | O20: 0 | P20: 0 | Q20: 4 | R20: 24 | S20: 0 | T20: 0 | U20: 25 | V20: 2 | W20: 1 | X20: 24 | Y20: 2 | Z20: 3 | AA20: 516 | AB20: 2 | AC20: 0 | AD20: 1039 | AE20: 6 | AF20: 10 | AG20: 1628
A21: David Rozen | B21: Principal Engineer (Backend) | C21: Core | D21: {=IFERROR(_xlfn.TEXTJOIN(", ",TRUE,_xlfn.UNIQUE(_xlfn._xlws.FILTER(#REF!,(#REF!="Final")*(COUNTIFS('[1]Demand Capacity'!$B:$B,$A21,'[1]Demand Capacity'!$A:$A,#REF!)>0),""))),"")} | E21: Anthony Anderson | F21: Contractor | G21: Marvik | H21: Argentina | I21: Full Stack | J21: Developer | K21: Principal | L21: dvdrozen-stratus | M21: 7 | N21: 1 | O21: 7452 | P21: 10 | Q21: 2 | R21: 7013 | S21: 6 | T21: 1 | U21: 4497 | V21: 14 | W21: 3 | X21: 7515 | Y21: 13 | Z21: 10 | AA21: 6994 | AB21: 12 | AC21: 5 | AD21: 12471 | AE21: 62 | AF21: 22 | AG21: 45942
A22: Ryan Trimble | B22: Senior Front-end Engineer | C22: Core | D22: {=IFERROR(_xlfn.TEXTJOIN(", ",TRUE,_xlfn.UNIQUE(_xlfn._xlws.FILTER(#REF!,(#REF!="Final")*(COUNTIFS('[1]Demand Capacity'!$B:$B,$A22,'[1]Demand Capacity'!$A:$A,#REF!)>0),""))),"")} | E22: Anthony Anderson | F22: FTE | G22: Stratus | I22: Full Stack | J22: Developer | K22: Senior | L22: ryantrimble-stratus | M22: 4 | N22: 0 | O22: 44563 | P22: 5 | Q22: 2 | R22: 1710 | S22: 0 | T22: 3 | U22: 12 | V22: 5 | W22: 1 | X22: 197 | Y22: 7 | Z22: 7 | AA22: 2989 | AB22: 6 | AC22: 3 | AD22: 1758 | AE22: 27 | AF22: 16 | AG22: 51229
A23: Maaz Qureshi | B23: Senior Full Stack Engineer | C23: Core | D23: {=IFERROR(_xlfn.TEXTJOIN(", ",TRUE,_xlfn.UNIQUE(_xlfn._xlws.FILTER(#REF!,(#REF!="Final")*(COUNTIFS('[1]Demand Capacity'!$B:$B,$A23,'[1]Demand Capacity'!$A:$A,#REF!)>0),""))),"")} | E23: Asa Baylus | F23: FTE | G23: Stratus | I23: Full Stack | J23: Developer | K23: Senior | L23: maazq1 | M23: 10 | N23: 7 | O23: 7837 | P23: 7 | Q23: 5 | R23: 6066 | S23: 2 | T23: 0 | U23: 672 | V23: 4 | W23: 10 | X23: 7554 | Y23: 1 | Z23: 6 | AA23: 2368 | AB23: 0 | AC23: 2 | AD23: 0 | AE23: 24 | AF23: 30 | AG23: 24497
A24: Ahmed Sohail | B24: Full Stack Engineer | C24: Core | D24: {=IFERROR(_xlfn.TEXTJOIN(", ",TRUE,_xlfn.UNIQUE(_xlfn._xlws.FILTER(#REF!,(#REF!="Final")*(COUNTIFS('[1]Demand Capacity'!$B:$B,$A24,'[1]Demand Capacity'!$A:$A,#REF!)>0),""))),"")} | E24: Asa Baylus | F24: FTE | G24: Stratus | I24: Full Stack | J24: Developer | K24: Senior | L24: aahmedstratus | M24: 5 | N24: 0 | O24: 355 | P24: 3 | Q24: 1 | R24: 19048 | S24: 0 | T24: 0 | U24: 539 | V24: 3 | W24: 9 | X24: 479 | Y24: 2 | Z24: 3 | AA24: 313 | AB24: 4 | AC24: 1 | AD24: 232 | AE24: 17 | AF24: 14 | AG24: 20966
A25: Joe Hosman | B25: Full Stack Engineer | C25: Core | D25: {=IFERROR(_xlfn.TEXTJOIN(", ",TRUE,_xlfn.UNIQUE(_xlfn._xlws.FILTER(#REF!,(#REF!="Final")*(COUNTIFS('[1]Demand Capacity'!$B:$B,$A25,'[1]Demand Capacity'!$A:$A,#REF!)>0),""))),"")} | E25: Asa Baylus | F25: FTE | G25: Stratus | H25: Kansas City | I25: Desktop | J25: Developer | K25: Senior | L25: JoeGoGTP | M25: 4 | N25: 0 | O25: 130 | P25: 2 | Q25: 2 | R25: 413 | S25: 3 | T25: 0 | U25: 60107 | V25: 23 | W25: 7 | X25: 60749 | Y25: 11 | Z25: 26 | AA25: 3540 | AB25: 7 | AC25: 4 | AD25: 3361 | AE25: 50 | AF25: 39 | AG25: 128300
A26: Ignacio Harretche | B26: Full Stack Engineer | C26: Core | D26: {=IFERROR(_xlfn.TEXTJOIN(", ",TRUE,_xlfn.UNIQUE(_xlfn._xlws.FILTER(#REF!,(#REF!="Final")*(COUNTIFS('[1]Demand Capacity'!$B:$B,$A26,'[1]Demand Capacity'!$A:$A,#REF!)>0),""))),"")} | E26: Asa Baylus | F26: Contractor | G26: Marvik | I26: Desktop | J26: Developer | K26: Senior | L26: ignacio-harretche-stratus | M26: 1 | N26: 1 | O26: 358 | P26: 1 | Q26: 2 | R26: 1 | S26: 2 | T26: 0 | U26: 628 | V26: 5 | W26: 1 | X26: 856 | Y26: 6 | Z26: 9 | AA26: 807 | AB26: 2 | AC26: 2 | AD26: 2603 | AE26: 17 | AF26: 15 | AG26: 5253
A27: Steve Rives | B27: Lead Engineer — Workstation/Print | C27: Core | D27: {=IFERROR(_xlfn.TEXTJOIN(", ",TRUE,_xlfn.UNIQUE(_xlfn._xlws.FILTER(#REF!,(#REF!="Final")*(COUNTIFS('[1]Demand Capacity'!$B:$B,$A27,'[1]Demand Capacity'!$A:$A,#REF!)>0),""))),"")} | E27: Anthony Anderson | F27: FTE | G27: Stratus | H27: Kansas City | I27: Full Stack | J27: Developer | K27: Lead | L27: srives-gtp | M27: 21 | N27: 7 | O27: 15871 | P27: 12 | Q27: 1 | R27: 9162 | S27: 1 | T27: 0 | U27: 25 | V27: 0 | W27: 0 | X27: 0 | Y27: 4 | Z27: 2 | AA27: 405 | AB27: 2 | AC27: 0 | AD27: 17 | AE27: 40 | AF27: 10 | AG27: 25480
A28: Fernando Bastos | B28: Desktop Engineer | C28: Core | D28: {=IFERROR(_xlfn.TEXTJOIN(", ",TRUE,_xlfn.UNIQUE(_xlfn._xlws.FILTER(#REF!,(#REF!="Final")*(COUNTIFS('[1]Demand Capacity'!$B:$B,$A28,'[1]Demand Capacity'!$A:$A,#REF!)>0),""))),"")} | E28: Anthony Anderson | F28: Contractor (FTE-equivalent) | G28: Rippling | H28: Brazil | I28: Desktop | J28: Developer | K28: Senior | L28: fernandobastosgogtp | M28: 5 | N28: 0 | O28: 5183 | P28: 7 | Q28: 10 | R28: 4326 | S28: 9 | T28: 1 | U28: 11924 | V28: 6 | W28: 1 | X28: 11917 | Y28: 10 | Z28: 3 | AA28: 2227 | AB28: 4 | AC28: 2 | AD28: 1787 | AE28: 41 | AF28: 17 | AG28: 37364
A29: Anthony Lehenbauer | B29: Lead — Field Orders | C29: Core | D29: {=IFERROR(_xlfn.TEXTJOIN(", ",TRUE,_xlfn.UNIQUE(_xlfn._xlws.FILTER(#REF!,(#REF!="Final")*(COUNTIFS('[1]Demand Capacity'!$B:$B,$A29,'[1]Demand Capacity'!$A:$A,#REF!)>0),""))),"")} | E29: Anthony Anderson | F29: FTE | G29: Stratus | H29: Ashburn, Virginia Gainesville, FL | I29: Full Stack | J29: Developer | K29: Senior | L29: gtp-anthony-lehenbauer | M29: 3 | N29: 2 | O29: 825048 | P29: 0 | Q29: 0 | R29: 0 | S29: 7 | T29: 0 | U29: 910969 | V29: 11 | W29: 4 | X29: 115852 | Y29: 6 | Z29: 18 | AA29: 105434 | AB29: 4 | AC29: 10 | AD29: 127192 | AE29: 31 | AF29: 34 | AG29: 2084495
A30: Lautaro Araujo | B30: Cloud / Platform Engineer | C30: Core | D30: {=IFERROR(_xlfn.TEXTJOIN(", ",TRUE,_xlfn.UNIQUE(_xlfn._xlws.FILTER(#REF!,(#REF!="Final")*(COUNTIFS('[1]Demand Capacity'!$B:$B,$A30,'[1]Demand Capacity'!$A:$A,#REF!)>0),""))),"")} | E30: Anthony Anderson | F30: Contractor (FTE-equivalent) | G30: Rippling | H30: Argentina | I30: Backend | J30: Developer | K30: Mid | L30: laaraujo | M30: 3 | N30: 1 | O30: 3607 | P30: 2 | Q30: 0 | R30: 7509 | S30: 4 | T30: 1 | U30: 7174 | V30: 7 | W30: 6 | X30: 2833 | Y30: 0 | Z30: 3 | AA30: 0 | AB30: 1 | AC30: 0 | AD30: 2859 | AE30: 17 | AF30: 11 | AG30: 23982
A31: Martin Ferreira | B31: Unity Developer | C31: Core | D31: {=IFERROR(_xlfn.TEXTJOIN(", ",TRUE,_xlfn.UNIQUE(_xlfn._xlws.FILTER(#REF!,(#REF!="Final")*(COUNTIFS('[1]Demand Capacity'!$B:$B,$A31,'[1]Demand Capacity'!$A:$A,#REF!)>0),""))),"")} | E31: Anthony Anderson | F31: Contractor (FTE-equivalent) | G31: Rippling | I31: Backend | J31: Developer | K31: Mid | L31: Martin-Stratus | M31: 0 | N31: 0 | O31: 0 | P31: 0 | Q31: 0 | R31: 2512 | S31: 2 | T31: 0 | U31: 97360 | V31: 3 | W31: 0 | X31: 203121 | Y31: 1 | Z31: 8 | AA31: 2494 | AB31: 0 | AC31: 2 | AD31: 102765 | AE31: 6 | AF31: 10 | AG31: 408252
A32: Tomas Gorkin | B32: Engineer — Mobile Viewer | C32: Core | D32: {=IFERROR(_xlfn.TEXTJOIN(", ",TRUE,_xlfn.UNIQUE(_xlfn._xlws.FILTER(#REF!,(#REF!="Final")*(COUNTIFS('[1]Demand Capacity'!$B:$B,$A32,'[1]Demand Capacity'!$A:$A,#REF!)>0),""))),"")} | E32: Anthony Anderson | F32: Contractor (FTE-equivalent) | G32: Rippling | I32: QA | J32: Other | K32: Senior | L32: tomas-stratus | M32: 5 | N32: 0 | O32: 8972 | P32: 11 | Q32: 0 | R32: 32583 | S32: 13 | T32: 3 | U32: 36568 | V32: 12 | W32: 0 | X32: 24238 | Y32: 10 | Z32: 5 | AA32: 19450 | AB32: 10 | AC32: 4 | AD32: 6189 | AE32: 61 | AF32: 12 | AG32: 128000
A33: Bruce Vaughn | B33: Principal QA Engineer | C33: Core | D33: {=IFERROR(_xlfn.TEXTJOIN(", ",TRUE,_xlfn.UNIQUE(_xlfn._xlws.FILTER(#REF!,(#REF!="Final")*(COUNTIFS('[1]Demand Capacity'!$B:$B,$A33,'[1]Demand Capacity'!$A:$A,#REF!)>0),""))),"")} | E33: Anthony Anderson | F33: FTE | G33: Stratus | H33: Kansas City | I33: QA | J33: Other | K33: Lead | L33: QABruceVaughn | M33: 0 | N33: 0 | O33: 0 | P33: 0 | Q33: 0 | R33: 644 | S33: 0 | T33: 0 | U33: 386 | V33: 0 | W33: 0 | X33: 10 | Y33: 1 | Z33: 0 | AA33: 50 | AB33: 1 | AC33: 0 | AD33: 230 | AE33: 2 | AF33: 0 | AG33: 1320
A34: Murat Ozel | B34: SDET | C34: Core | D34: {=IFERROR(_xlfn.TEXTJOIN(", ",TRUE,_xlfn.UNIQUE(_xlfn._xlws.FILTER(#REF!,(#REF!="Final")*(COUNTIFS('[1]Demand Capacity'!$B:$B,$A34,'[1]Demand Capacity'!$A:$A,#REF!)>0),""))),"")} | E34: Anthony Anderson | F34: FTE | G34: Stratus | H34: Nashville | I34: QA | J34: Other | K34: Mid | L34: Murat-QA | M34: 0 | N34: 0 | O34: 8 | P34: 0 | Q34: 0 | R34: 0 | S34: 0 | T34: 0 | U34: 10 | V34: 0 | W34: 0 | X34: 5 | Y34: 0 | Z34: 0 | AA34: 7 | AB34: 0 | AC34: 0 | AD34: 0 | AE34: 0 | AF34: 0 | AG34: 30
A35: Glenn Holmes | B35: QA Engineer | C35: Core | D35: {=IFERROR(_xlfn.TEXTJOIN(", ",TRUE,_xlfn.UNIQUE(_xlfn._xlws.FILTER(#REF!,(#REF!="Final")*(COUNTIFS('[1]Demand Capacity'!$B:$B,$A35,'[1]Demand Capacity'!$A:$A,#REF!)>0),""))),"")} | E35: Anthony Anderson | F35: FTE | G35: Stratus | H35: Kansas City | I35: QA | J35: Other | K35: Mid | L35: Glenn-QA | M35: 0 | N35: 0 | O35: 0 | P35: 2 | Q35: 0 | R35: 5 | S35: 1 | T35: 0 | U35: 4 | V35: 1 | W35: 0 | X35: 4 | Y35: 1 | Z35: 0 | AA35: 4 | AB35: 14 | AC35: 0 | AD35: 3572 | AE35: 19 | AF35: 0 | AG35: 3589
A36: Chris Cavazos | B36: Publish Support Engineer | C36: Core | D36: {=IFERROR(_xlfn.TEXTJOIN(", ",TRUE,_xlfn.UNIQUE(_xlfn._xlws.FILTER(#REF!,(#REF!="Final")*(COUNTIFS('[1]Demand Capacity'!$B:$B,$A36,'[1]Demand Capacity'!$A:$A,#REF!)>0),""))),"")} | E36: Asa Baylus | F36: FTE | G36: Stratus | H36: Seattle | I36: Full Stack | J36: Developer | K36: Mid | L36: crcavazos | M36: 0 | N36: 0 | O36: 0 | P36: 2 | Q36: 2 | R36: 522 | S36: 0 | T36: 0 | U36: 0 | V36: 2 | W36: 3 | X36: 25 | Y36: 0 | Z36: 2 | AA36: 0 | AB36: 0 | AC36: 2 | AD36: 0 | AE36: 4 | AF36: 9 | AG36: 547
A37: Christian Johnston | B37: Technical Support Rep | C37: Technical Support | D37: {=IFERROR(_xlfn.TEXTJOIN(", ",TRUE,_xlfn.UNIQUE(_xlfn._xlws.FILTER(#REF!,(#REF!="Final")*(COUNTIFS('[1]Demand Capacity'!$B:$B,$A37,'[1]Demand Capacity'!$A:$A,#REF!)>0),""))),"")} | E37: Crystal Ross | F37: FTE | G37: Stratus | H37: Indiana | I37: Support | J37: Other | K37: Mid | N37: 0 | Q37: 0 | T37: 0 | W37: 0 | Z37: 0 | AC37: 0 | AF37: 0
A38: Skylar Ryals | B38: Technical Support Rep | C38: Technical Support | D38: {=IFERROR(_xlfn.TEXTJOIN(", ",TRUE,_xlfn.UNIQUE(_xlfn._xlws.FILTER(#REF!,(#REF!="Final")*(COUNTIFS('[1]Demand Capacity'!$B:$B,$A38,'[1]Demand Capacity'!$A:$A,#REF!)>0),""))),"")} | E38: Crystal Ross | F38: FTE | G38: Stratus | H38: New Mexico | I38: Support | J38: Other | K38: Mid | L38: S-Ryals | M38: 0 | N38: 0 | O38: 4744 | P38: 1 | Q38: 0 | R38: 844 | S38: 0 | T38: 0 | U38: 261 | V38: 0 | W38: 0 | X38: 691 | Y38: 1 | Z38: 0 | AA38: 415 | AB38: 1 | AC38: 0 | AD38: 310 | AE38: 3 | AF38: 0 | AG38: 7265
A39: Jonah Sly | B39: Technical Support Rep | C39: Technical Support | D39: {=IFERROR(_xlfn.TEXTJOIN(", ",TRUE,_xlfn.UNIQUE(_xlfn._xlws.FILTER(#REF!,(#REF!="Final")*(COUNTIFS('[1]Demand Capacity'!$B:$B,$A39,'[1]Demand Capacity'!$A:$A,#REF!)>0),""))),"")} | E39: Crystal Ross | F39: FTE | G39: Stratus | H39: Texas | I39: Support | J39: Other | K39: Mid | N39: 0 | Q39: 0 | T39: 0 | W39: 0 | Z39: 0 | AC39: 0 | AF39: 0
L40: DavidU-GTP | M40: 1 | O40: 348 | P40: 0 | R40: 0 | S40: 0 | U40: 0 | V40: 0 | X40: 0 | Y40: 0 | AA40: 0 | AB40: 0 | AD40: 0 | AE40: 1 | AG40: 348
L41: Stratus-BT | M41: 0 | O41: 0 | P41: 0 | R41: 0 | S41: 0 | U41: 0 | V41: 0 | X41: 0 | Y41: 0 | AA41: 0 | AB41: 0 | AD41: 0 | AE41: 0 | AG41: 0
L42: alejo-cano-marvik | M42: 0 | O42: 0 | P42: 0 | R42: 0 | S42: 0 | U42: 0 | V42: 0 | X42: 0 | Y42: 0 | AA42: 0 | AB42: 0 | AD42: 0 | AE42: 0 | AG42: 0
L43: ana-santana-gtp | M43: 0 | O43: 0 | P43: 0 | R43: 0 | S43: 0 | U43: 0 | V43: 0 | X43: 0 | Y43: 0 | AA43: 0 | AB43: 0 | AD43: 6117 | AE43: 0 | AG43: 6117
L44: annusingh | M44: 0 | O44: 0 | P44: 0 | R44: 0 | S44: 0 | U44: 0 | V44: 0 | X44: 0 | Y44: 0 | AA44: 0 | AB44: 0 | AD44: 0 | AE44: 0 | AG44: 0
L45: cameronstratus | M45: 0 | O45: 0 | P45: 0 | R45: 0 | S45: 0 | U45: 0 | V45: 0 | X45: 0 | Y45: 0 | AA45: 0 | AB45: 0 | AD45: 0 | AE45: 0 | AG45: 0
L46: chanelatstratus | M46: 0 | O46: 0 | P46: 0 | R46: 0 | S46: 0 | U46: 0 | V46: 0 | X46: 0 | Y46: 0 | AA46: 0 | AB46: 0 | AD46: 0 | AE46: 0 | AG46: 0
L47: emilytconnery | M47: 1 | O47: 6 | P47: 2 | R47: 16632 | S47: 1 | U47: 300 | V47: 0 | X47: 0 | Y47: 2 | AA47: 10788 | AB47: 0 | AD47: 0 | AE47: 6 | AG47: 27726
L48: gregorysantoro | M48: 0 | O48: 0 | P48: 0 | R48: 0 | S48: 0 | U48: 0 | V48: 0 | X48: 0 | Y48: 0 | AA48: 0 | AB48: 0 | AD48: 0 | AE48: 0 | AG48: 0
L49: gtp-platform-automation | M49: 0 | O49: 0 | P49: 0 | R49: 0 | S49: 0 | U49: 0 | V49: 0 | X49: 0 | Y49: 0 | AA49: 0 | AB49: 0 | AD49: 0 | AE49: 0 | AG49: 0
L50: hollystratus | M50: 0 | O50: 0 | P50: 0 | R50: 0 | S50: 0 | U50: 0 | V50: 0 | X50: 0 | Y50: 0 | AA50: 0 | AB50: 0 | AD50: 0 | AE50: 0 | AG50: 0
L51: matthew-tatertots | M51: 0 | O51: 0 | P51: 0 | R51: 0 | S51: 0 | U51: 0 | V51: 0 | X51: 0 | Y51: 0 | AA51: 0 | AB51: 0 | AD51: 0 | AE51: 0 | AG51: 0
... L53: stephen-hoff-stratus | M53: 0 | O53: 0 | P53: 0 | R53: 0 | S53: 0 | U53: 0 | V53: 0 | X53: 0 | Y53: 0 | AA53: 0 | AB53: 0 | AD53: 0 | AE53: 0 | AG53: 0

Sheet PR Data (2)
A1: GitHub Account | B1: PR 2026-05-08 | C1: PR 2026-05-15 | D1: PR 2026-05-22 | E1: PR 2026-05-29 | F1: PR 2026-06-05 | G1: PR 2026-06-10 | H1: Total Merged | I1: LoC 2026-05-08 | J1: LoC 2026-05-15 | K1: LoC 2026-05-22 | L1: LoC 2026-05-29 | M1: LoC 2026-06-05 | N1: LoC 2026-06-10 | O1: Total LoC
A2: AnisahReed | B2: 0 | C2: 2 | D2: 0 | E2: 2 | F2: 1 | G2: 0 | H2: =SUM(B2:G2) -> 5 | I2: 0 | J2: 85 | K2: 456 | L2: 1037 | M2: 1799 | N2: 2628 | O2: =SUM(I2:N2) -> 6005
A3: AntonioPolaGTP | B3: 2 | C3: 8 | D3: 1 | E3: 0 | F3: 0 | G3: 2 | H3: =SUM(B3:G3) -> 13 | I3: 2020 | J3: 4845 | K3: 5 | L3: 0 | M3: 0 | N3: 240 | O3: =SUM(I3:N3) -> 7110
A4: DavidU-GTP | B4: 1 | C4: 0 | D4: 0 | E4: 0 | F4: 0 | G4: 0 | H4: =SUM(B4:G4) -> 1 | I4: 348 | J4: 0 | K4: 0 | L4: 0 | M4: 0 | N4: 0 | O4: =SUM(I4:N4) -> 348
A5: Glenn-QA | B5: 0 | C5: 2 | D5: 1 | E5: 1 | F5: 1 | G5: 14 | H5: =SUM(B5:G5) -> 19 | I5: 0 | J5: 5 | K5: 4 | L5: 4 | M5: 4 | N5: 3572 | O5: =SUM(I5:N5) -> 3589
A6: JoeGoGTP | B6: 4 | C6: 2 | D6: 3 | E6: 23 | F6: 11 | G6: 7 | H6: =SUM(B6:G6) -> 50 | I6: 130 | J6: 413 | K6: 60107 | L6: 60749 | M6: 3540 | N6: 3361 | O6: =SUM(I6:N6) -> 128300
A7: Martin-Stratus | B7: 0 | C7: 0 | D7: 2 | E7: 3 | F7: 1 | G7: 0 | H7: =SUM(B7:G7) -> 6 | I7: 0 | J7: 2512 | K7: 97360 | L7: 203121 | M7: 2494 | N7: 102765 | O7: =SUM(I7:N7) -> 408252
A8: Murat-QA | B8: 0 | C8: 0 | D8: 0 | E8: 0 | F8: 0 | G8: 0 | H8: =SUM(B8:G8) -> 0 | I8: 8 | J8: 0 | K8: 10 | L8: 5 | M8: 7 | N8: 0 | O8: =SUM(I8:N8) -> 30
A9: QABruceVaughn | B9: 0 | C9: 0 | D9: 0 | E9: 0 | F9: 1 | G9: 1 | H9: =SUM(B9:G9) -> 2 | I9: 0 | J9: 644 | K9: 386 | L9: 10 | M9: 50 | N9: 230 | O9: =SUM(I9:N9) -> 1320
A10: S-Ryals | B10: 0 | C10: 1 | D10: 0 | E10: 0 | F10: 1 | G10: 1 | H10: =SUM(B10:G10) -> 3 | I10: 4744 | J10: 844 | K10: 261 | L10: 691 | M10: 415 | N10: 310 | O10: =SUM(I10:N10) -> 7265
A11: Stratus-BT | B11: 0 | C11: 0 | D11: 0 | E11: 0 | F11: 0 | G11: 0 | H11: =SUM(B11:G11) -> 0 | I11: 0 | J11: 0 | K11: 0 | L11: 0 | M11: 0 | N11: 0 | O11: =SUM(I11:N11) -> 0
A12: aahmedstratus | B12: 5 | C12: 3 | D12: 0 | E12: 3 | F12: 2 | G12: 4 | H12: =SUM(B12:G12) -> 17 | I12: 355 | J12: 19048 | K12: 539 | L12: 479 | M12: 313 | N12: 232 | O12: =SUM(I12:N12) -> 20966
A13: aaronentwistle | B13: 8 | C13: 7 | D13: 15 | E13: 15 | F13: 6 | G13: 13 | H13: =SUM(B13:G13) -> 64 | I13: 1244 | J13: 1233 | K13: 2536 | L13: 1478 | M13: 1316 | N13: 4601 | O13: =SUM(I13:N13) -> 12408
... A49: zwardstratus | B49: 8 | C49: 34 | D49: 22 | E49: 11 | F49: 12 | G49: 13 | H49: =SUM(B49:G49) -> 100 | I49: 1566 | J49: 4277 | K49: 1699 | L49: 1161 | M49: 2142 | N49: 1776 | O49: =SUM(I49:N49) -> 12621
